B365H,B365D,B365A,overall_player_home_rating,overall_player_away_rating,result_home
2.05,3.5,3.5,63.54545454545455,63.845454545454544,D
2.8,3.3,2.45,65.0,68.84545454545454,W
1.95,3.2,4.2,60.27272727272727,65.72727272727273,W
2.55,3.3,2.7,62.0,65.08181818181818,D
3.4,3.4,2.1,66.0909090909091,66.27272727272727,L
1.91,3.4,4.0,64.01818181818182,68.03636363636363,W
3.25,3.4,2.2,63.31818181818182,61.72727272727273,W
1.1,9.0,21.0,69.15454545454546,66.05454545454546,W
7.0,4.0,1.5,65.2090909090909,65.91818181818182,D
1.06,11.0,29.0,73.36363636363636,62.790909090909096,W
1.55,4.2,5.5,64.01818181818182,66.02727272727272,W
2.0,3.4,3.75,64.83636363636364,62.36363636363637,W
2.5,3.2,2.88,65.12727272727273,64.18181818181819,L
3.3,3.3,2.2,63.472727272727276,64.36363636363636,D
1.22,5.75,13.0,66.26363636363637,63.28181818181818,W
1.33,5.0,9.0,64.2,64.67272727272727,W
7.5,5.0,1.36,63.01818181818182,70.66363636363636,W
2.25,3.3,3.2,65.9090909090909,65.18181818181819,D
2.2,3.2,3.4,65.92727272727274,61.07272727272727,D
5.0,4.2,1.57,62.63636363636363,68.54545454545455,L
2.05,3.3,3.6,63.36363636363637,62.7,D
2.2,3.3,3.3,64.36363636363636,62.09090909090909,D
1.67,3.75,5.0,73.9090909090909,67.91818181818182,L
1.3,5.5,8.5,67.24545454545455,66.02727272727272,W
1.62,3.6,6.0,65.0,64.25454545454545,D
1.62,3.75,5.5,63.83636363636364,65.61818181818181,W
1.44,4.33,7.0,61.72727272727273,67.45454545454545,W
1.73,3.5,5.0,64.66363636363636,65.27272727272727,L
3.5,3.2,2.15,62.76363636363636,61.0,D
2.1,3.2,3.6,63.31818181818182,67.72727272727273,L
2.15,3.0,3.8,65.69090909090909,63.91818181818182,L
2.0,3.3,3.75,65.35454545454546,65.0,D
1.44,4.2,7.5,67.24545454545455,63.72727272727273,D
9.5,6.0,1.25,67.45454545454545,71.97272727272728,L
1.44,4.2,7.5,65.63636363636364,63.345454545454544,L
3.8,3.3,2.0,62.90909090909091,61.72727272727273,L
1.44,4.5,6.5,61.92727272727273,61.09090909090909,L
1.53,3.8,6.5,64.18181818181819,63.75454545454545,W
15.0,7.5,1.18,63.49090909090909,70.49090909090908,L
3.6,3.3,2.05,67.45454545454545,63.845454545454544,L
1.57,3.75,6.0,63.72727272727273,67.36363636363636,W
1.08,12.0,23.0,68.36363636363636,66.21818181818182,W
1.8,3.6,4.33,64.33636363636364,62.790909090909096,W
6.0,3.8,1.57,61.45454545454545,67.08181818181818,L
3.4,3.0,2.3,65.22727272727273,62.27272727272727,D
3.1,3.4,2.25,63.66363636363636,66.02727272727272,W
1.5,3.9,7.0,62.76363636363636,63.63636363636363,L
9.0,5.0,1.33,65.63636363636364,68.45454545454545,D
1.67,3.6,5.5,65.08181818181818,65.0909090909091,W
1.33,5.0,8.5,63.654545454545456,62.45454545454545,W
2.8,3.4,2.4,65.47272727272728,65.63636363636364,L
1.67,4.0,4.75,69.51818181818182,63.09090909090909,W
5.25,4.0,1.62,64.54545454545455,71.84545454545454,L
1.53,3.75,7.0,68.92727272727274,64.27272727272727,D
3.0,3.2,2.4,65.18181818181819,64.75454545454545,L
1.13,8.5,17.0,72.15454545454546,60.98181818181818,W
3.0,3.2,2.38,64.27272727272727,66.48181818181818,W
2.7,3.25,2.6,61.90909090909091,64.89090909090909,D
2.63,3.3,2.63,61.27272727272727,63.790909090909096,D
2.05,3.4,3.6,67.36363636363636,61.09090909090909,L
1.95,3.2,4.2,63.81818181818182,61.81818181818182,D
2.75,3.2,2.6,64.2909090909091,67.73636363636363,W
2.15,3.1,3.6,63.09090909090909,66.0909090909091,D
1.8,3.4,4.75,63.59090909090909,62.49090909090909,D
9.0,6.5,1.25,63.3,73.36363636363636,L
1.8,3.5,4.5,66.36363636363636,62.98181818181818,W
2.5,3.25,2.8,64.55454545454546,61.27272727272727,W
1.4,4.4,8.0,64.27272727272727,66.27272727272727,W
2.38,3.2,3.0,63.72727272727273,65.45454545454545,L
1.2,6.5,15.0,73.18181818181819,64.48181818181818,W
2.2,3.3,3.3,62.1090909090909,63.39090909090908,L
3.25,3.0,2.38,61.09090909090909,62.72727272727273,L
1.91,3.6,3.75,67.2,63.90909090909091,D
13.0,7.5,1.17,64.0,68.93636363636364,L
1.1,9.0,21.0,71.83636363636364,63.45454545454545,W
1.33,4.75,9.5,70.9090909090909,64.62727272727273,W
4.5,3.4,1.83,65.18181818181819,63.527272727272724,W
3.6,3.4,2.05,65.2909090909091,63.27272727272727,L
1.33,5.0,9.0,65.36363636363636,62.09090909090909,W
1.53,4.0,6.0,63.18181818181818,64.76363636363637,L
1.44,4.5,6.0,63.27272727272727,65.0909090909091,W
3.4,3.2,2.2,61.45454545454545,61.90909090909091,D
1.36,4.75,8.5,64.2909090909091,66.41818181818182,W
3.3,3.25,2.2,62.09090909090909,64.57272727272726,L
2.38,3.75,3.0,72.63636363636364,73.98181818181818,W
2.1,3.1,3.75,64.63636363636364,62.709090909090904,D
7.0,3.75,1.53,65.18181818181819,66.43636363636364,L
1.91,3.4,4.0,63.309090909090905,65.18181818181819,D
2.0,3.4,3.75,64.18181818181819,65.18181818181819,W
1.83,3.5,4.33,62.72727272727273,64.16363636363636,W
2.2,3.1,3.5,64.0909090909091,64.0909090909091,L
2.2,3.4,3.2,60.36363636363637,62.72727272727273,L
1.18,6.5,15.0,66.13636363636364,65.10000000000001,W
1.13,8.5,17.0,68.24545454545455,64.45454545454545,L
12.0,7.0,1.2,61.76363636363636,72.57272727272726,L
2.63,3.1,2.75,64.47272727272728,65.07272727272726,W
2.1,3.4,3.4,64.45454545454545,63.81818181818182,L
2.4,3.3,2.9,65.74545454545455,62.81818181818182,W
2.4,3.1,3.1,65.72727272727273,61.3,W
2.05,3.2,3.8,66.2090909090909,64.72727272727273,L
2.25,3.1,3.4,63.290909090909096,67.36363636363636,D
2.0,3.2,4.0,64.0909090909091,64.63636363636364,D
17.0,7.5,1.14,61.45454545454545,65.98181818181818,L
1.57,3.8,6.0,64.45454545454545,61.8,D
1.05,15.0,26.0,71.81818181818181,64.36363636363636,W
1.57,3.75,6.0,65.0909090909091,64.81818181818181,W
4.33,3.6,1.8,63.209090909090904,67.58181818181819,W
3.1,3.2,2.3,64.35454545454546,64.54545454545455,D
1.62,4.0,5.25,63.74545454545455,62.81818181818182,D
1.25,5.5,12.0,62.54545454545455,67.67272727272727,D
1.8,3.5,4.5,64.65454545454546,65.07272727272726,W
1.44,4.2,7.5,69.36363636363636,64.76363636363637,W
3.4,3.25,2.15,67.54545454545455,62.7,D
1.2,7.0,11.0,71.0909090909091,63.72727272727273,W
15.0,6.5,1.18,64.72727272727273,72.93636363636364,L
2.0,3.2,4.0,64.8,61.93636363636363,D
1.44,4.5,6.5,61.72727272727273,64.0909090909091,W
5.0,3.75,1.67,66.45454545454545,64.28181818181817,W
2.7,3.3,2.55,65.02727272727272,63.18181818181818,W
2.0,3.3,3.8,61.49090909090909,61.90909090909091,D
1.7,3.75,5.0,62.92727272727273,65.14545454545454,W
2.88,3.1,2.63,65.54545454545455,63.7,L
1.67,3.7,5.5,64.53636363636363,67.34545454545454,W
1.62,4.0,5.5,63.90909090909091,65.72727272727273,L
10.0,6.0,1.29,66.18181818181819,72.93636363636364,L
1.18,7.0,17.0,68.81818181818181,67.0,W
4.33,3.6,1.85,62.83636363636364,62.90909090909091,L
6.0,4.33,1.53,63.26363636363637,71.52727272727272,L
1.44,4.5,7.5,65.18181818181819,60.98181818181818,W
2.38,3.4,3.0,62.18181818181818,62.51818181818182,L
3.6,3.25,2.1,66.9090909090909,66.54545454545455,L
7.0,3.75,1.57,65.65454545454546,69.60909090909091,L
1.4,4.5,9.0,64.38181818181819,61.16363636363636,L
1.09,12.0,21.0,72.72727272727273,64.27272727272727,W
1.67,3.75,5.5,64.54545454545455,62.61818181818182,W
1.09,12.0,21.0,70.30909090909091,62.9,W
3.9,3.4,2.0,63.03636363636363,63.23636363636363,D
3.3,3.4,2.2,62.845454545454544,65.07272727272726,L
2.6,3.1,2.9,67.39999999999999,63.67272727272727,D
2.05,3.2,4.0,66.0,61.63636363636363,W
17.0,7.5,1.17,61.36363636363637,69.2090909090909,L
2.2,3.2,3.5,61.845454545454544,65.94545454545454,D
13.0,6.5,1.22,65.72727272727273,70.45454545454545,D
1.5,4.5,6.0,63.790909090909096,62.93636363636363,W
2.1,3.3,3.5,66.54545454545455,63.54545454545455,W
1.62,4.0,5.5,69.33636363636364,64.54545454545455,L
2.5,3.2,3.0,65.2,64.34545454545454,D
1.7,3.6,5.5,64.89999999999999,62.8,W
1.4,4.5,9.0,64.34545454545454,64.72727272727273,D
2.25,3.2,3.4,66.27272727272727,64.27272727272727,W
1.44,4.5,6.5,64.18181818181819,60.66363636363636,L
3.0,3.2,2.5,65.88181818181819,65.48181818181818,D
1.06,15.0,26.0,67.39999999999999,61.63636363636363,W
2.3,3.4,3.1,62.17272727272727,64.62727272727273,L
3.8,3.3,2.05,66.0,62.18181818181818,L
3.1,3.1,2.5,64.63636363636364,68.38181818181819,L
1.33,5.0,10.0,64.54545454545455,66.0,W
3.6,3.1,2.25,64.83636363636364,68.24545454545455,L
2.38,3.1,3.3,62.72727272727273,66.30909090909091,D
5.0,3.6,1.75,65.63636363636364,64.18181818181819,D
3.2,3.1,2.4,65.27272727272727,62.57272727272727,W
1.2,6.5,17.0,68.18181818181819,67.21818181818182,W
1.67,3.8,5.5,64.52727272727272,64.0909090909091,W
1.53,4.1,6.5,63.127272727272725,59.81818181818182,L
9.0,5.25,1.33,65.92727272727274,67.39999999999999,W
2.25,3.4,3.2,65.0,64.46363636363635,L
1.85,3.4,4.75,65.17272727272727,65.54545454545455,L
5.5,4.33,1.57,65.88181818181819,72.93636363636364,W
2.6,3.0,3.0,61.90909090909091,61.81818181818182,W
2.1,3.1,3.75,67.7,66.0909090909091,D
3.0,3.2,2.5,64.67272727272727,64.54545454545455,D
2.3,3.1,3.4,64.63636363636364,67.08181818181818,W
1.08,11.0,29.0,71.72727272727273,64.71818181818182,W
2.7,3.2,2.7,64.18181818181819,64.66363636363636,D
1.53,3.8,7.5,65.74545454545455,65.02727272727272,L
1.57,4.33,5.5,70.12727272727273,68.06363636363636,W
2.8,3.1,2.7,60.27272727272727,64.81818181818181,D
4.75,3.4,1.85,62.39090909090908,64.8,L
1.67,3.75,5.5,63.709090909090904,63.154545454545456,L
2.6,3.0,3.0,63.27272727272727,65.18181818181819,D
1.67,3.8,5.5,64.0909090909091,63.66363636363636,W
1.91,3.5,4.2,63.654545454545456,66.39090909090909,L
2.7,3.25,2.7,63.945454545454545,65.18181818181819,W
1.33,5.0,10.0,63.654545454545456,61.72727272727273,W
2.2,3.2,3.6,65.36363636363636,63.8,W
15.0,7.5,1.18,65.18181818181819,70.07272727272726,L
1.18,7.0,17.0,69.16363636363636,61.27272727272727,W
13.0,6.5,1.22,68.01818181818182,71.66363636363636,L
1.73,3.6,5.25,65.06363636363636,64.61818181818181,W
21.0,8.0,1.14,63.18181818181818,72.05454545454546,L
1.75,3.6,4.75,61.38181818181818,64.36363636363636,W
1.25,6.0,12.0,68.44545454545454,66.61818181818181,W
19.0,7.0,1.17,65.36363636363636,68.75454545454545,L
1.29,5.0,11.0,62.18181818181818,65.58181818181818,W
2.2,3.3,3.4,64.15454545454546,64.54545454545455,W
1.7,3.5,5.25,63.85454545454545,60.18181818181818,W
2.2,3.2,3.4,65.54545454545455,63.36363636363637,D
2.05,3.2,3.75,65.2,64.67272727272727,D
2.88,3.2,2.5,67.12727272727273,65.36363636363636,W
1.75,3.5,5.25,65.39090909090909,66.27272727272727,L
1.44,4.2,8.5,64.0,61.0,W
1.18,7.0,17.0,69.0,61.63636363636363,W
6.5,3.8,1.57,64.65454545454546,67.7,L
1.95,3.25,4.33,65.0,64.75454545454545,W
1.62,3.8,6.0,62.45454545454545,63.8,W
2.38,3.1,3.3,63.01818181818182,66.52727272727272,W
1.2,7.0,13.0,70.49090909090908,61.45454545454545,W
3.3,3.1,2.38,65.15454545454546,66.63636363636364,L
2.63,3.2,2.8,64.21818181818182,64.07272727272728,W
1.29,6.0,10.0,69.83636363636364,64.54545454545455,W
2.15,3.25,3.6,66.0,64.24545454545455,W
2.5,3.25,2.9,62.92727272727273,63.18181818181818,D
2.88,3.4,2.45,67.7909090909091,69.24545454545455,W
1.3,5.25,11.0,61.45454545454545,65.0,W
3.4,3.1,2.3,63.86363636363637,63.75454545454545,W
2.8,3.2,2.63,62.5,63.7,L
3.8,3.3,2.05,67.54545454545455,63.81818181818182,W
2.25,3.1,3.5,63.18181818181818,62.66363636363636,L
9.0,5.25,1.33,64.47272727272728,71.0909090909091,L
2.6,3.2,2.8,65.0909090909091,65.2090909090909,W
2.45,3.2,3.0,63.472727272727276,62.209090909090904,D
2.1,3.3,3.75,64.54545454545455,63.35454545454545,L
1.36,5.0,9.0,64.52727272727272,62.0,W
1.08,13.0,21.0,68.27272727272727,66.9090909090909,W
2.9,3.1,2.63,64.81818181818181,66.02727272727272,D
1.44,4.5,7.5,64.97272727272728,67.54545454545455,W
3.8,3.25,2.1,64.81818181818181,69.37272727272727,W
3.3,3.4,2.2,66.04545454545455,61.27272727272727,W
1.05,15.0,34.0,69.03636363636363,64.00909090909092,W
2.15,3.1,3.8,64.10909090909091,65.43636363636364,L
2.4,3.1,3.25,67.2909090909091,62.627272727272725,W
4.33,3.25,1.95,62.66363636363636,62.51818181818182,L
1.2,6.5,15.0,68.15454545454546,61.45454545454545,W
3.3,3.2,2.3,66.27272727272727,65.36363636363636,L
1.11,10.0,21.0,71.27272727272727,63.39090909090908,L
2.9,3.3,2.5,64.47272727272728,62.63636363636363,W
17.0,7.0,1.18,65.0909090909091,70.2090909090909,L
1.36,4.75,9.0,61.18181818181818,65.0,W
1.91,3.5,4.2,67.2909090909091,65.97272727272728,W
2.3,3.1,3.4,63.59090909090909,61.72727272727273,W
1.57,3.8,6.5,63.9,61.0,W
1.75,3.6,5.0,64.18181818181819,67.0,W
2.25,3.2,3.4,63.472727272727276,64.54545454545455,D
1.67,3.75,5.5,66.02727272727272,63.45454545454545,W
17.0,7.5,1.17,64.18181818181819,69.84545454545454,L
1.57,4.0,6.0,65.24545454545455,62.3,W
3.0,3.2,2.45,62.90909090909091,67.84545454545454,D
1.2,7.0,13.0,70.27272727272727,60.72727272727273,D
3.25,3.1,2.38,65.27272727272727,63.16363636363636,L
1.5,4.2,7.0,64.72727272727273,65.48181818181818,D
2.05,3.3,4.0,63.68181818181818,66.0909090909091,W
3.8,3.4,2.05,65.0909090909091,63.72727272727273,L
2.05,3.4,3.8,65.0909090909091,63.3,W
7.0,4.75,1.44,65.92727272727274,69.2090909090909,W
2.9,3.2,2.6,62.81818181818182,64.11818181818181,W
2.2,3.3,3.4,63.74545454545455,63.627272727272725,W
1.62,3.75,6.0,70.63636363636364,65.05454545454545,D
1.95,3.5,4.0,59.81818181818182,64.63636363636364,W
1.05,15.0,34.0,72.92727272727274,63.027272727272724,W
2.4,3.1,3.2,61.36363636363637,66.8,L
1.44,4.5,8.0,64.88181818181819,66.27272727272727,W
3.8,3.1,2.15,63.46363636363637,68.82727272727273,D
2.1,3.4,3.6,63.72727272727273,64.0,L
19.0,8.5,1.14,64.7090909090909,67.54545454545455,L
2.0,3.3,4.0,64.48181818181818,64.18181818181819,W
1.57,3.75,7.0,64.18181818181819,61.81818181818182,W
1.4,4.75,8.0,62.60909090909092,65.84545454545454,W
4.0,3.3,2.0,62.24545454545455,60.45454545454545,D
1.06,13.0,34.0,70.45454545454545,63.82727272727273,W
2.3,3.2,3.3,66.8,63.7,L
3.8,3.4,2.0,65.18181818181819,64.48181818181818,L
1.33,5.0,10.0,69.18181818181819,64.52727272727272,W
1.5,4.0,7.5,63.2,61.36363636363637,W
3.3,3.3,2.25,63.7,63.54545454545455,L
1.95,3.25,4.33,65.36363636363636,65.15454545454546,D
2.5,3.4,2.8,64.75454545454545,63.39090909090908,W
1.62,3.75,6.0,63.74545454545455,59.18181818181818,W
2.6,3.25,2.8,66.0909090909091,61.809090909090905,D
2.05,3.4,3.75,60.54545454545455,62.90909090909091,L
1.67,4.5,4.5,71.2909090909091,71.66363636363636,W
2.5,3.3,2.9,63.72727272727273,64.93636363636364,L
1.95,3.4,4.2,63.09090909090909,64.48181818181818,D
9.5,4.5,1.4,61.38181818181818,67.33636363636364,L
1.75,3.75,4.75,62.81818181818182,63.93636363636363,W
2.1,3.25,3.75,62.66363636363636,65.85454545454546,L
2.25,3.1,3.6,65.8,64.36363636363636,W
2.05,3.5,3.6,64.47272727272728,59.63636363636363,D
7.5,5.0,1.4,64.0909090909091,73.27272727272727,L
1.08,11.0,29.0,72.0909090909091,62.72727272727273,W
1.67,3.6,5.75,65.67272727272727,65.78181818181818,D
1.3,5.25,11.0,68.5090909090909,62.63636363636363,W
4.5,3.6,1.83,65.56363636363636,62.39090909090908,L
3.25,3.1,2.38,62.83636363636364,64.3,W
1.75,3.4,5.5,66.0909090909091,61.18181818181818,D
1.05,13.0,41.0,69.97272727272728,60.3,W
3.5,3.0,2.3,62.85454545454545,63.81818181818182,D
13.0,7.0,1.2,66.45454545454545,71.84545454545454,L
2.3,3.1,3.25,64.9090909090909,65.63636363636364,L
1.55,3.6,7.0,61.0,63.35454545454545,L
2.4,3.4,2.8,63.654545454545456,63.48181818181818,D
3.8,3.4,2.0,63.09090909090909,69.00909090909092,D
5.0,4.5,1.55,62.81818181818182,70.9090909090909,D
2.4,3.1,3.2,62.83636363636364,62.89090909090908,W
1.73,3.6,4.75,63.54545454545455,66.0,W
1.06,13.0,34.0,66.54545454545455,63.154545454545456,W
1.8,3.6,4.5,63.74545454545455,67.72727272727273,D
2.3,3.1,3.3,62.54545454545455,64.50909090909092,L
3.6,3.3,2.05,65.34545454545454,61.36363636363637,D
2.5,3.2,2.88,63.4,63.75454545454545,W
1.33,5.0,8.5,61.38181818181818,65.94545454545454,W
2.88,3.1,2.6,63.74545454545455,63.35454545454545,D
4.5,3.5,1.85,66.63636363636364,67.42727272727274,L
1.67,3.75,5.5,66.18181818181819,65.25454545454545,W
1.22,7.0,12.0,73.47272727272728,63.027272727272724,W
1.14,8.5,17.0,71.9090909090909,64.11818181818181,W
1.3,5.25,11.0,62.63636363636363,62.75454545454545,D
4.33,3.6,1.85,64.58181818181818,63.61818181818182,D
1.8,3.8,4.33,66.95454545454545,61.57272727272727,W
3.4,3.3,2.2,63.2,63.54545454545455,L
2.6,3.1,2.9,64.56363636363636,63.845454545454544,W
4.2,3.5,1.91,63.83636363636364,63.27272727272727,L
1.18,7.0,17.0,69.36363636363636,63.51818181818182,W
2.9,3.3,2.5,63.01818181818182,61.09090909090909,D
2.2,3.2,3.5,64.7090909090909,65.49090909090908,L
12.0,6.0,1.25,63.35454545454545,70.43636363636364,L
1.73,3.6,5.25,63.09090909090909,65.63636363636364,D
1.36,5.25,8.0,62.61818181818182,63.66363636363636,W
2.2,3.2,3.6,60.45454545454545,65.42727272727274,W
5.5,4.33,1.57,63.54545454545455,69.11818181818181,L
1.33,5.25,9.5,63.290909090909096,64.98181818181818,W
1.67,3.8,5.5,67.54545454545455,64.54545454545455,D
1.85,3.5,4.5,66.39999999999999,62.18181818181818,W
1.04,17.0,41.0,71.81818181818181,65.7090909090909,W
2.25,3.2,3.4,64.56363636363636,66.0909090909091,W
3.4,3.3,2.2,60.63636363636363,67.82727272727273,L
6.0,4.0,1.57,64.01818181818182,62.54545454545455,L
1.06,13.0,29.0,68.0,62.27272727272727,W
1.73,3.75,5.0,64.63636363636364,65.57272727272726,W
2.5,3.1,3.0,63.67272727272727,64.98181818181818,L
4.0,3.6,1.91,66.77272727272727,65.3,D
1.85,3.7,4.33,63.209090909090904,64.85454545454546,W
3.6,3.4,2.1,67.18181818181819,61.18181818181818,D
1.4,4.5,8.5,68.97272727272728,60.27272727272727,D
26.0,11.0,1.08,62.63636363636363,70.07272727272726,L
3.5,3.6,2.05,63.42727272727273,70.93636363636364,L
1.62,3.8,6.0,63.81818181818182,64.60000000000001,L
2.05,3.25,4.0,65.16363636363636,61.527272727272724,L
1.73,3.8,4.5,63.46363636363637,64.37272727272727,D
1.22,6.5,13.0,63.2,64.76363636363637,W
3.75,3.4,2.05,60.36363636363637,63.54545454545455,D
2.8,3.1,2.7,63.472727272727276,65.55454545454545,L
1.57,3.8,6.5,61.527272727272724,67.18181818181819,D
1.05,15.0,34.0,72.38181818181819,64.0,W
1.44,4.5,7.5,61.127272727272725,60.75454545454545,W
1.4,4.75,8.0,72.30909090909091,64.52727272727272,D
1.36,5.0,8.5,60.90909090909091,65.0,W
7.5,3.8,1.53,66.2909090909091,68.4090909090909,D
2.75,3.5,2.5,64.45454545454545,61.18181818181818,D
2.63,3.2,2.8,61.56363636363637,65.93636363636364,L
1.95,3.5,4.0,65.02727272727272,64.39090909090909,W
1.85,3.6,4.33,62.0,65.48181818181818,W
3.5,3.3,2.1,64.83636363636364,61.36363636363637,L
1.75,3.6,4.75,67.18181818181819,66.58181818181818,W
4.75,3.6,1.75,67.52727272727272,70.52727272727272,L
2.15,3.3,3.5,63.81818181818182,61.709090909090904,L
4.33,3.75,1.75,60.92727272727273,64.3,L
2.2,3.2,3.5,66.43636363636364,63.66363636363636,D
6.5,4.33,1.5,65.99090909090908,69.3,L
1.62,4.2,5.25,64.47272727272728,63.81818181818182,D
1.25,6.0,12.0,64.15454545454546,60.93636363636363,W
1.67,4.0,5.0,62.27272727272727,61.27272727272727,W
1.95,3.5,4.0,65.97272727272728,63.872727272727275,D
1.25,6.0,11.0,70.54545454545455,67.27272727272727,D
4.33,2.5,2.3,62.49090909090909,66.82727272727273,D
1.85,3.8,4.0,66.4090909090909,63.06363636363637,L
1.33,5.0,9.5,63.2,60.24545454545455,W
1.13,9.0,21.0,69.18181818181819,65.32727272727273,W
1.7,4.0,4.75,63.54545454545455,63.89090909090908,W
4.75,4.2,1.67,60.66363636363636,63.845454545454544,L
3.3,3.75,2.1,65.0,62.48181818181818,L
1.25,6.5,15.0,66.81818181818181,61.0,W
3.2,3.4,2.4,61.27272727272727,73.18181818181819,D
1.36,5.0,11.0,66.31818181818181,59.76363636363636,L
2.5,3.3,3.1,70.36363636363636,65.26363636363637,L
1.95,3.5,4.5,61.536363636363646,64.63636363636364,L
2.25,3.4,3.5,61.72727272727273,68.41818181818182,D
3.8,3.6,2.05,67.60909090909091,65.36363636363636,L
1.33,5.75,10.0,66.9090909090909,61.18181818181818,W
5.25,4.33,1.67,60.09090909090909,73.45454545454545,L
9.0,5.0,1.4,59.01818181818182,68.18181818181819,L
2.5,3.4,3.0,64.63636363636364,60.09090909090909,D
1.2,7.5,17.0,68.18181818181819,60.63636363636363,W
2.5,3.3,3.1,59.809090909090905,66.62727272727273,L
2.8,3.4,2.7,73.72727272727273,69.0909090909091,D
1.85,3.7,4.75,61.18181818181818,61.72727272727273,D
1.65,4.0,6.0,59.68181818181818,59.054545454545455,W
2.5,3.25,3.2,66.11818181818182,63.08181818181818,D
5.0,4.0,1.75,66.8,69.10000000000001,D
1.45,4.75,8.0,65.16363636363636,68.63636363636364,W
1.85,4.0,4.33,73.9090909090909,65.54545454545455,W
6.0,4.2,1.62,59.01818181818182,70.91818181818182,D
3.75,3.3,2.2,73.54545454545455,69.63636363636364,L
1.18,8.0,18.0,73.9090909090909,61.76363636363636,L
1.75,3.75,5.25,61.36363636363637,58.09090909090909,D
2.4,3.25,3.3,67.0909090909091,69.15454545454544,W
1.85,3.6,4.75,59.68181818181818,60.09090909090909,W
2.8,3.4,2.7,66.62727272727273,62.54545454545455,L
2.3,3.3,3.5,64.63636363636364,68.38181818181819,W
4.75,3.75,1.83,60.63636363636363,69.63636363636364,D
2.7,3.5,2.7,65.16363636363636,64.72727272727273,L
3.0,3.4,2.5,70.0,78.18181818181819,D
1.3,5.75,12.0,68.18181818181819,60.58181818181818,W
2.25,3.3,3.6,59.0,57.96363636363637,D
1.3,6.0,11.0,64.45454545454545,61.09090909090909,L
1.8,3.75,5.0,62.45454545454545,60.90909090909091,W
2.1,3.4,4.0,62.6,58.45454545454545,L
3.6,3.5,2.15,70.3,65.57272727272726,D
3.5,3.5,2.2,61.0,70.54545454545455,L
1.29,6.25,12.0,70.36363636363636,67.64545454545454,W
2.15,3.4,3.75,66.98181818181818,66.10909090909091,D
4.75,3.6,1.85,64.18181818181819,66.63636363636364,L
2.5,3.3,3.1,59.10909090909092,68.75454545454545,D
2.2,3.3,3.75,60.63636363636363,67.00909090909092,D
2.8,3.25,2.8,70.62727272727273,61.9,D
2.5,3.3,3.1,60.77272727272727,61.0,L
4.5,3.8,1.85,65.05454545454545,67.45454545454545,W
1.4,5.0,9.0,74.0909090909091,58.56363636363637,L
5.5,4.2,1.67,66.27272727272727,69.54545454545455,W
2.38,3.5,3.1,73.0909090909091,69.63636363636364,D
1.53,4.33,7.0,65.60909090909091,61.81818181818182,L
1.75,3.9,5.0,66.18181818181819,64.2090909090909,D
1.22,7.0,16.0,69.63636363636364,61.09090909090909,W
2.63,3.4,2.88,58.59090909090909,66.27272727272727,W
6.5,4.2,1.57,67.53636363636363,74.72727272727273,L
1.91,3.75,4.33,66.72727272727273,71.18181818181819,D
1.4,5.5,8.0,68.81818181818181,65.77272727272727,W
1.44,4.6,8.5,62.0,69.01818181818182,W
2.9,3.3,2.63,64.89090909090909,61.463636363636354,D
2.0,3.5,4.2,61.81818181818182,61.01818181818182,W
2.15,3.4,3.8,61.98181818181818,60.63636363636363,W
7.5,4.5,1.5,61.27272727272727,73.0909090909091,L
2.1,3.5,3.8,67.0,58.64545454545455,W
1.8,3.75,5.0,61.09090909090909,58.63636363636363,D
1.44,5.0,7.5,63.93636363636363,62.72727272727273,W
2.55,3.25,3.1,63.98181818181818,61.0,W
1.91,3.7,4.33,60.95454545454545,63.1,D
1.67,4.2,5.25,68.18181818181819,68.0,W
1.67,4.2,5.25,67.36363636363636,72.0,W
2.2,3.5,3.5,64.16363636363636,62.0,W
1.91,3.6,4.5,64.47272727272728,69.13636363636364,W
1.4,5.0,9.0,67.63636363636364,67.9090909090909,D
2.8,3.4,2.7,57.61818181818182,63.54545454545455,L
8.5,4.75,1.44,59.599999999999994,69.0,L
1.6,4.0,6.5,71.54545454545455,62.72727272727273,W
1.45,4.75,8.0,76.63636363636364,64.84545454545454,W
2.25,3.6,3.3,64.60909090909091,63.90909090909091,W
1.57,4.0,7.0,62.45454545454545,65.84545454545454,W
6.0,4.2,1.6,66.60909090909091,67.81818181818181,L
2.5,3.3,3.1,62.28181818181818,61.03636363636363,W
5.0,4.0,1.75,61.36363636363637,66.72727272727273,D
1.44,4.75,8.0,66.0909090909091,65.63636363636364,D
1.65,4.0,6.0,62.72727272727273,60.94545454545453,W
5.5,3.8,1.73,66.98181818181818,68.72727272727273,L
1.95,3.7,4.2,60.61818181818182,63.18181818181818,W
1.91,3.6,4.5,61.81818181818182,63.81818181818182,D
6.5,4.5,1.55,63.86363636363637,73.27272727272727,W
4.75,3.75,1.83,59.06363636363637,73.45454545454545,L
2.88,3.6,2.5,66.72727272727273,70.99090909090908,D
1.75,3.9,5.0,64.89090909090909,64.00909090909092,L
2.38,3.25,3.4,69.60909090909091,60.36363636363637,W
1.25,6.5,14.0,68.72727272727273,59.78181818181818,W
1.17,8.5,21.0,70.00909090909092,67.95454545454545,W
1.75,3.8,5.25,72.72727272727273,60.73636363636364,D
3.8,3.6,2.05,66.15454545454546,61.72727272727273,L
2.3,3.5,3.3,64.97272727272728,61.81818181818182,L
3.8,3.75,2.0,64.15454545454546,66.0,W
2.38,3.4,3.25,62.09090909090909,62.972727272727276,D
3.75,3.6,2.1,60.27272727272727,66.00909090909092,L
1.91,3.75,4.33,75.63636363636364,70.0,W
2.1,3.5,3.8,62.56363636363637,66.2090909090909,L
2.5,3.4,3.0,59.56363636363637,64.2,W
3.4,3.4,2.3,67.0909090909091,68.0,L
1.3,6.0,11.0,70.81818181818181,62.5,W
7.0,4.75,1.5,69.5909090909091,73.0909090909091,D
1.44,4.75,8.0,62.0,61.74545454545455,W
1.75,3.75,5.5,63.38181818181818,61.72727272727273,D
4.0,3.5,2.05,69.25454545454545,74.54545454545455,D
3.75,3.5,2.1,59.72727272727273,68.0909090909091,W
1.7,4.0,5.5,62.345454545454544,62.87272727272727,L
2.3,3.5,3.3,63.0,61.45454545454545,L
2.15,3.6,3.5,67.81818181818181,70.18181818181819,L
1.25,6.5,15.0,69.63636363636364,62.45454545454545,W
1.85,3.8,4.5,72.54545454545455,64.44545454545454,W
2.1,3.5,3.8,63.60909090909092,70.17272727272727,D
1.4,5.25,8.5,76.54545454545455,59.64545454545455,W
1.83,3.75,4.75,60.54545454545455,69.91818181818182,W
1.7,3.8,5.75,62.88181818181818,60.96363636363637,L
4.33,3.7,1.91,57.68181818181818,65.30909090909091,W
3.6,3.4,2.2,69.62727272727273,64.72727272727273,L
5.25,3.75,1.75,60.54545454545455,61.09090909090909,D
2.15,3.4,3.75,60.83636363636364,61.72727272727273,D
1.73,4.0,5.0,64.93636363636364,61.90909090909091,W
1.33,5.75,10.0,73.00909090909092,66.89999999999999,W
2.38,3.4,3.25,68.86363636363636,63.56363636363637,W
9.0,5.0,1.4,71.16363636363636,69.63636363636364,D
1.8,3.75,5.0,59.42727272727273,58.88181818181818,D
4.5,3.8,1.85,61.36363636363637,67.0,L
2.15,3.5,3.6,61.54545454545455,60.63636363636363,W
3.2,3.6,2.3,62.0,75.0909090909091,L
2.25,3.6,3.25,65.72727272727273,73.9090909090909,W
2.8,3.3,2.75,59.472727272727276,61.45454545454545,D
3.8,3.6,2.05,63.60909090909092,67.21818181818182,L
1.45,4.5,8.5,69.28181818181818,62.19090909090908,W
1.73,3.8,5.5,60.24545454545455,69.26363636363637,W
2.1,3.4,4.0,60.60909090909092,60.18181818181818,L
2.5,3.4,3.0,61.54545454545455,64.56363636363636,L
1.8,3.75,5.0,66.63636363636364,61.90909090909091,W
1.4,5.0,9.0,70.63636363636364,64.0,W
1.53,4.33,7.0,72.72727272727273,65.82727272727273,D
7.5,4.5,1.5,67.75454545454545,75.27272727272727,L
2.45,3.3,3.2,64.98181818181818,64.0909090909091,D
1.5,4.5,7.5,64.11818181818181,69.22727272727273,D
1.5,4.75,7.0,73.18181818181819,74.45454545454545,W
7.0,4.33,1.53,63.18181818181818,70.0,W
2.05,3.5,4.0,70.15454545454546,58.23636363636364,W
4.0,3.6,2.0,63.16363636363636,65.72727272727273,W
1.6,4.2,6.0,64.0,61.90909090909091,D
2.4,3.4,3.2,60.36363636363637,65.08181818181818,W
2.35,3.4,3.25,63.83636363636364,60.09090909090909,W
2.8,3.4,2.7,63.09090909090909,72.00909090909092,L
1.44,4.75,8.0,67.36363636363636,63.09090909090909,W
5.5,3.75,1.73,58.2,62.09090909090909,W
1.18,8.0,18.0,71.82727272727273,65.44545454545454,W
2.6,3.25,3.0,61.945454545454545,62.563636363636355,D
7.0,4.75,1.5,62.26363636363636,72.63636363636364,L
2.95,3.4,2.55,70.16363636363636,63.88181818181818,D
2.15,3.4,3.8,62.54545454545455,63.54545454545455,W
1.8,3.8,4.75,71.06363636363636,63.9,W
2.5,3.4,3.0,59.972727272727276,62.81818181818182,L
1.45,4.5,8.5,72.0,65.54545454545455,W
6.25,4.0,1.62,60.90909090909091,72.28181818181818,D
3.1,3.3,2.5,64.08181818181818,62.5090909090909,L
1.29,6.0,12.0,73.54545454545455,59.76363636363636,W
2.45,3.3,3.2,70.06363636363636,62.54545454545455,W
2.45,3.5,3.0,62.0,73.9090909090909,W
1.5,4.5,7.5,61.527272727272724,58.23636363636364,W
1.75,3.9,5.0,63.92727272727273,62.26363636363636,W
2.8,3.5,2.6,65.53636363636363,67.45454545454545,D
2.05,3.5,4.0,63.54545454545455,68.95454545454545,L
6.25,4.0,1.62,62.16363636363636,70.54545454545455,L
1.29,6.0,13.0,71.54545454545455,69.69090909090909,W
4.75,3.8,1.8,58.2,65.53636363636363,L
1.33,5.75,10.0,69.63636363636364,64.38181818181819,W
3.75,3.4,2.15,60.33636363636364,62.0,L
1.83,3.6,5.0,70.0,61.25454545454545,L
3.8,3.6,2.05,60.9,61.3,L
1.4,5.0,9.0,70.7,62.90909090909091,W
2.05,3.4,4.2,68.37272727272726,64.12727272727273,L
1.75,3.75,5.25,60.7,61.72727272727273,W
6.5,4.5,1.53,64.9090909090909,72.63636363636364,L
2.35,3.3,3.4,62.27272727272727,67.35454545454546,D
2.25,3.4,3.5,64.45454545454545,63.99090909090909,L
1.18,8.0,19.0,73.0909090909091,58.23636363636364,D
2.9,3.4,2.6,61.81818181818182,70.45454545454545,W
2.38,3.4,3.25,69.88181818181819,59.28181818181818,D
4.75,3.75,1.83,62.81818181818182,69.44545454545454,D
1.91,3.6,4.5,62.50909090909091,62.81818181818182,W
3.25,3.6,2.3,62.35454545454545,70.73636363636363,D
3.5,3.5,2.2,63.5,67.72727272727273,L
1.7,4.0,5.5,60.09090909090909,60.87272727272727,W
2.4,3.3,3.3,63.09090909090909,58.82727272727273,D
3.4,3.4,2.3,64.08181818181818,68.9090909090909,W
1.4,5.0,9.0,63.63636363636363,58.2,D
1.22,7.0,15.0,75.0909090909091,66.04545454545455,W
1.83,3.75,4.75,62.18181818181818,58.23636363636364,D
3.0,3.4,2.5,71.7909090909091,62.309090909090905,D
2.9,3.4,2.6,62.45454545454545,67.63636363636364,W
4.2,3.5,2.0,61.57272727272727,68.89999999999999,D
5.0,3.75,1.8,61.709090909090904,69.63636363636364,W
1.85,3.75,4.5,62.68181818181818,63.54545454545455,D
2.2,3.4,3.6,58.2,71.4090909090909,W
1.2,7.5,17.0,72.0,61.18181818181818,W
3.5,3.5,2.2,54.51818181818182,62.209090909090904,W
4.5,3.75,1.85,67.72727272727273,73.63636363636364,D
2.2,3.4,3.6,64.53636363636363,61.54545454545455,W
4.5,3.6,1.91,67.13636363636364,65.0909090909091,L
2.25,3.5,3.4,61.59090909090909,65.47272727272728,D
2.05,3.4,4.2,65.18181818181819,64.36363636363636,W
1.44,4.75,8.0,68.27272727272727,61.68181818181818,W
1.83,3.75,4.75,71.0909090909091,60.45454545454545,L
4.5,3.6,1.91,58.09090909090909,62.63636363636363,L
2.55,3.25,3.1,58.2,56.40909090909091,L
2.63,3.3,2.9,61.99090909090909,60.4,L
3.3,3.3,2.38,61.90909090909091,62.72727272727273,L
6.0,4.2,1.62,71.86363636363636,70.63636363636364,L
7.0,4.2,1.55,62.04545454545455,72.89999999999999,L
1.62,4.2,6.0,63.43636363636363,70.13636363636364,W
1.8,4.0,4.5,76.36363636363636,65.0909090909091,L
1.75,3.75,5.25,65.16363636363636,65.38181818181818,W
1.85,3.6,4.75,67.63636363636364,67.0,D
2.15,3.5,3.6,66.45454545454545,75.81818181818181,D
2.8,3.3,2.75,58.06363636363637,68.18181818181819,L
2.7,3.25,2.88,67.26363636363637,61.72727272727273,L
1.67,4.0,5.75,61.18181818181818,66.51818181818182,W
1.36,5.5,9.5,69.18181818181819,62.654545454545456,W
1.65,4.0,6.0,59.19090909090908,71.11818181818182,W
2.25,3.3,3.6,69.17272727272727,58.23636363636364,W
2.9,3.3,2.63,64.72727272727273,62.63636363636363,L
1.25,6.5,15.0,66.9090909090909,61.72727272727273,W
1.6,4.0,6.5,62.45454545454545,61.9,L
10.0,5.25,1.36,57.81818181818182,68.63636363636364,L
3.4,3.4,2.3,66.36363636363636,62.90909090909091,D
2.4,3.3,3.25,66.88181818181819,56.16363636363636,L
1.18,8.0,19.0,74.63636363636364,65.82727272727273,D
4.75,3.6,1.85,67.9090909090909,62.45454545454545,L
1.91,3.5,4.6,60.7,70.48181818181818,D
3.25,3.5,2.3,61.63636363636363,65.81818181818181,W
2.6,3.25,3.0,58.2,65.81818181818181,D
2.3,3.4,3.4,61.72727272727273,60.67272727272727,D
4.2,3.6,1.95,63.709090909090904,69.18181818181819,D
1.29,6.0,12.0,69.72727272727273,66.7090909090909,W
2.38,3.1,3.5,66.60000000000001,59.0,W
1.91,3.8,4.2,64.72727272727273,61.63636363636363,W
1.91,3.6,4.5,69.22727272727273,68.30000000000001,L
1.29,6.0,12.0,68.0909090909091,58.1,W
1.73,3.9,5.25,63.54545454545455,62.86363636363637,D
2.38,3.3,3.3,60.05454545454545,63.0,D
2.55,3.25,3.1,65.27272727272727,61.91818181818182,W
1.33,5.5,11.0,69.72727272727273,68.72727272727273,W
5.75,3.8,1.7,60.690909090909095,73.63636363636364,L
2.7,3.2,2.9,66.45454545454545,60.76363636363636,L
1.2,7.5,17.0,68.19090909090909,58.1,D
4.75,3.75,1.83,57.51818181818182,66.0909090909091,L
2.05,3.3,4.2,66.60000000000001,66.93636363636364,W
1.3,6.0,11.0,73.0,62.81818181818182,W
2.7,3.2,2.9,73.38181818181818,66.27272727272727,D
4.2,3.5,2.0,60.57272727272727,68.9090909090909,W
1.83,3.6,5.0,69.0,67.19090909090909,D
2.63,3.3,2.9,61.54545454545455,61.72727272727273,L
1.8,3.8,4.75,61.18181818181818,62.67272727272727,D
2.63,3.3,2.9,58.04545454545455,61.28181818181818,L
1.36,5.25,10.0,69.24545454545455,70.65454545454546,W
1.95,3.5,4.5,61.345454545454544,58.90909090909091,W
1.91,3.5,4.75,60.56363636363637,66.46363636363637,W
3.4,3.2,2.38,66.27272727272727,61.18181818181818,W
2.15,3.4,3.75,62.74545454545455,53.63636363636363,L
1.57,4.5,6.0,63.45454545454545,67.45454545454545,W
3.1,3.6,2.38,61.81818181818182,73.0,W
2.88,3.1,2.88,59.18181818181818,66.27272727272727,W
2.15,3.3,3.9,66.50909090909092,72.48181818181818,D
1.7,3.8,5.75,60.27272727272727,57.01818181818182,W
7.0,4.33,1.53,63.972727272727276,69.18181818181819,L
6.25,4.0,1.62,64.06363636363636,67.54545454545455,L
1.36,5.25,10.0,61.72727272727273,58.1,W
1.25,7.0,13.0,70.36363636363636,66.73636363636363,W
4.2,3.5,2.0,61.43636363636363,69.85454545454546,L
2.5,3.3,3.1,61.50909090909091,68.54545454545455,W
1.75,3.8,5.25,61.43636363636363,60.57272727272727,W
4.75,3.9,1.8,67.95454545454545,61.48181818181818,L
1.4,5.0,9.0,67.0909090909091,64.8,W
7.5,5.0,1.44,57.24545454545455,75.72727272727273,W
1.83,3.75,4.75,55.68181818181818,66.04545454545455,W
2.2,3.3,3.75,63.8,68.10000000000001,D
2.38,3.25,3.4,71.98181818181818,62.0,L
2.38,3.25,3.4,64.45454545454545,61.81818181818182,W
1.62,4.0,6.5,69.63636363636364,61.54545454545455,D
1.83,3.75,4.75,71.18181818181819,62.372727272727275,W
1.91,3.75,4.33,69.98181818181818,61.48181818181818,W
4.0,3.6,2.0,59.48181818181818,59.90909090909091,L
2.5,3.25,2.8,62.81818181818182,60.56363636363637,L
1.3,5.5,8.5,73.9090909090909,65.72727272727273,W
6.0,3.8,1.57,60.81818181818182,65.0909090909091,L
1.4,4.5,7.5,63.36363636363637,57.28181818181818,W
2.1,3.3,3.5,61.28181818181818,56.22727272727273,L
1.53,4.0,6.0,61.43636363636363,64.73636363636363,W
1.8,3.5,4.5,63.345454545454544,70.74545454545455,W
7.0,4.33,1.44,65.78181818181818,69.99090909090908,L
2.05,3.4,3.6,59.90909090909091,70.02727272727272,L
3.3,3.4,2.15,66.45454545454545,69.9090909090909,L
1.83,3.75,4.2,66.63636363636364,62.27272727272727,W
1.29,5.5,11.0,69.0,60.26363636363636,W
2.63,3.2,2.8,70.81818181818181,60.71818181818182,W
2.38,3.3,3.1,63.17272727272727,64.63636363636364,W
1.3,5.5,10.0,70.98181818181818,62.0,W
1.91,3.5,4.2,60.60909090909092,65.82727272727273,W
1.8,3.5,4.5,65.27272727272727,68.36363636363636,L
3.5,3.4,2.1,57.24545454545455,61.845454545454544,D
2.5,3.1,3.1,68.16363636363636,62.63636363636363,W
5.0,4.0,1.67,55.527272727272724,75.18181818181819,W
2.15,3.4,3.8,65.36363636363636,68.92727272727274,D
6.5,4.33,1.57,57.24545454545455,66.63636363636364,L
1.53,4.2,7.5,63.26363636363636,66.28181818181818,W
2.9,3.2,2.7,68.98181818181818,55.36363636363637,L
2.5,3.3,3.1,61.07272727272727,70.81818181818181,D
1.62,4.2,6.0,62.627272727272725,65.36363636363636,L
2.3,3.4,3.4,65.81818181818181,64.92727272727274,L
2.3,3.4,3.4,63.38181818181818,58.53636363636363,D
2.63,3.4,2.88,69.98181818181818,76.81818181818181,W
9.0,5.0,1.4,68.89999999999999,70.63636363636364,L
1.4,5.0,9.0,61.72727272727273,59.93636363636363,W
2.0,3.4,4.33,69.0909090909091,67.39090909090909,W
1.95,3.5,4.5,55.82727272727273,67.0,L
1.73,3.8,5.5,70.54545454545455,57.22727272727273,W
2.15,3.4,3.75,65.80909090909091,60.74545454545455,W
3.5,3.25,2.3,59.78181818181818,64.08181818181818,W
1.25,6.5,11.0,74.0,63.90909090909091,W
3.3,3.5,2.3,62.54545454545455,63.845454545454544,L
2.63,3.3,2.9,58.95454545454545,67.28181818181818,L
2.05,3.3,4.2,55.0,66.84545454545454,L
1.29,6.0,12.0,74.0,62.18181818181818,W
2.45,3.25,3.25,62.90909090909091,60.82727272727273,L
2.38,3.4,3.25,69.17272727272727,62.36363636363637,D
2.1,3.5,3.8,63.17272727272727,62.75454545454545,D
1.91,3.5,4.75,60.07272727272727,66.18181818181819,D
4.0,3.6,2.0,67.0,67.0,D
2.4,3.3,3.3,66.63636363636364,68.63636363636364,D
3.75,3.4,2.15,70.81818181818181,67.66363636363636,W
4.33,3.4,2.0,66.78181818181818,63.81818181818182,W
5.75,3.8,1.7,66.89999999999999,73.54545454545455,L
2.75,3.3,2.8,64.36363636363636,71.0,W
1.91,3.7,4.33,64.44545454545454,62.0,W
1.36,5.25,10.0,65.34545454545454,68.56363636363636,W
1.36,5.25,10.0,70.07272727272726,66.81818181818181,L
4.2,3.4,2.05,67.62727272727273,61.71818181818182,W
2.3,3.4,3.4,61.154545454545456,60.63636363636363,W
2.25,3.5,3.4,63.09090909090909,59.372727272727275,W
1.36,5.25,10.0,71.0,59.04545454545455,W
3.75,3.75,2.05,62.709090909090904,74.0,L
5.5,4.0,1.7,66.85454545454546,66.63636363636364,L
1.91,3.7,4.33,64.36363636363636,63.09090909090909,W
4.5,3.6,1.91,57.22727272727273,67.75454545454545,L
1.8,3.75,5.0,70.81818181818181,67.66363636363636,L
1.95,3.5,4.5,66.85454545454546,59.372727272727275,L
2.6,3.4,2.9,64.44545454545454,62.0,W
2.55,3.3,3.0,61.27272727272727,67.54545454545455,D
2.9,3.4,2.6,60.50909090909091,63.39090909090908,W
2.1,3.5,3.8,68.55454545454546,65.39090909090909,D
1.22,7.5,13.0,74.0,66.64545454545454,W
1.3,6.0,11.0,66.63636363636364,61.01818181818182,L
2.7,3.3,2.88,59.33636363636364,60.527272727272724,D
1.45,4.75,8.0,63.63636363636363,59.13636363636363,L
3.1,3.5,2.4,66.88181818181819,62.18181818181818,W
1.75,3.8,5.25,62.09090909090909,63.36363636363637,W
2.8,3.3,2.75,67.61818181818181,63.73636363636364,D
1.8,3.8,4.75,62.709090909090904,67.02727272727272,W
2.9,3.4,2.6,64.10909090909091,68.45454545454545,L
2.45,3.5,3.0,65.98181818181818,66.63636363636364,D
4.75,4.2,1.75,61.33636363636364,74.45454545454545,L
4.1,3.5,2.0,66.27272727272727,68.08181818181818,W
1.3,6.0,11.0,67.18181818181819,67.91818181818181,D
1.4,5.25,8.5,69.36363636363636,66.27272727272727,W
2.1,3.6,3.75,61.18181818181818,56.00909090909091,L
1.36,5.25,9.5,72.81818181818181,67.95454545454545,W
2.25,3.6,3.3,59.60909090909092,63.67272727272727,W
2.4,3.6,3.0,67.9090909090909,63.92727272727273,L
3.2,3.75,2.25,67.03636363636363,71.3,D
1.6,4.33,6.0,63.71818181818182,62.91818181818182,W
1.57,4.5,6.0,74.45454545454545,63.26363636363636,W
1.83,4.0,4.33,61.81818181818182,63.72727272727273,W
3.5,3.6,2.15,60.41818181818182,61.72727272727273,W
9.5,4.5,1.36,59.17272727272727,66.45454545454545,D
3.9,3.1,2.05,62.72727272727273,59.36363636363637,D
2.38,3.2,3.0,59.46363636363637,60.71818181818182,L
3.3,3.1,2.3,61.218181818181826,60.37272727272727,L
1.5,4.1,6.5,65.36363636363636,61.58181818181818,D
2.3,3.1,3.2,62.554545454545455,66.27272727272727,L
2.0,3.25,3.9,59.81818181818182,61.27272727272727,W
2.63,3.1,2.75,59.27272727272727,58.27272727272727,W
1.8,3.4,4.75,58.190909090909095,63.2,W
1.4,4.33,8.5,67.45454545454545,60.9,L
3.6,3.1,2.15,60.627272727272725,68.54545454545455,L
2.88,3.0,2.63,61.45454545454545,59.4,L
1.75,3.4,5.0,59.45454545454545,55.81818181818182,D
2.38,3.0,3.2,61.45454545454545,61.24545454545455,D
1.13,8.0,19.0,67.0909090909091,60.72727272727273,W
1.73,3.5,5.0,61.627272727272725,60.472727272727276,W
2.5,3.25,2.8,59.72727272727273,57.74545454545454,W
2.8,3.2,2.55,66.0,67.63636363636364,W
1.55,3.75,6.5,59.0,59.86363636363637,L
1.5,3.75,7.5,58.345454545454544,60.88181818181818,W
9.0,4.6,1.36,61.4,65.81818181818181,D
2.9,3.1,2.5,61.0,57.27272727272727,W
2.9,3.1,2.5,59.58181818181819,59.18181818181818,L
1.75,3.4,5.0,64.0909090909091,59.18181818181818,W
1.85,3.5,4.2,60.554545454545455,58.81818181818182,W
3.2,3.2,2.3,55.90909090909091,64.0909090909091,L
2.38,3.25,3.0,59.53636363636363,60.445454545454545,L
1.44,4.33,7.0,56.67272727272727,60.18181818181818,L
3.5,3.3,2.1,62.26363636363636,67.9090909090909,L
1.73,3.3,5.5,57.72727272727273,61.37272727272727,D
1.5,4.0,7.0,59.18181818181818,56.81818181818182,W
2.63,3.1,2.75,59.75454545454545,61.19090909090908,L
2.1,3.2,3.6,60.09090909090909,56.53636363636363,W
2.1,3.2,3.6,58.18181818181818,61.709090909090904,W
1.95,3.2,4.2,70.0909090909091,63.63636363636363,D
2.25,3.1,3.4,62.17272727272727,59.95454545454545,W
1.75,3.4,5.0,56.63636363636363,61.27272727272727,W
1.62,3.6,6.0,65.81818181818181,61.0,D
2.8,3.1,2.6,61.09090909090909,57.48181818181818,W
1.53,3.8,6.5,70.36363636363636,56.68181818181818,W
2.5,3.1,2.9,58.46363636363637,69.45454545454545,W
1.95,3.2,4.2,60.36363636363637,60.90909090909091,D
2.05,3.1,3.9,60.82727272727273,58.45454545454545,W
2.25,3.1,3.4,61.27272727272727,59.63636363636363,W
2.88,3.3,2.4,59.90909090909091,59.81818181818182,W
7.0,4.0,1.5,61.26363636363636,70.63636363636364,D
1.65,3.6,5.5,55.89090909090908,60.17272727272727,W
3.8,3.1,2.1,61.45454545454545,60.72727272727273,L
2.75,2.88,2.8,59.709090909090904,64.72727272727273,W
1.73,3.4,5.25,64.63636363636364,59.809090909090905,W
1.53,3.8,6.5,65.72727272727273,60.83636363636364,W
1.75,3.4,5.0,58.18181818181818,58.63636363636363,L
1.57,3.75,6.0,59.18181818181818,61.19090909090908,W
2.2,3.2,3.4,61.27272727272727,61.36363636363637,W
1.83,3.25,4.75,63.845454545454544,60.18181818181818,W
2.25,3.1,3.4,59.63636363636363,60.627272727272725,D
3.4,3.25,2.15,60.81818181818182,59.37272727272727,L
1.8,3.4,4.75,62.45454545454545,61.10909090909092,D
1.57,3.7,6.5,70.9090909090909,61.8,W
1.33,5.0,9.0,68.0,58.09090909090909,D
4.0,3.3,1.95,57.36363636363637,59.18181818181818,L
2.25,3.25,3.25,58.91818181818182,59.27272727272727,L
2.4,3.2,3.0,62.0,60.17272727272727,D
6.5,4.2,1.5,60.66363636363636,71.0,L
2.1,3.25,3.6,62.190909090909095,59.90909090909091,W
2.05,3.3,3.6,58.66363636363636,61.27272727272727,L
1.73,3.4,5.25,58.40909090909091,59.27272727272727,W
3.0,3.2,2.38,62.372727272727275,70.45454545454545,L
3.6,3.2,2.1,60.63636363636363,62.0,W
2.05,3.3,3.6,58.43636363636363,64.81818181818181,D
1.53,3.8,6.5,61.27272727272727,59.345454545454544,W
1.85,3.4,4.33,58.36363636363637,63.72727272727273,L
2.0,3.2,4.0,60.27272727272727,57.09090909090909,W
1.5,4.0,7.0,71.54545454545455,59.27272727272727,L
2.0,3.2,4.0,60.28181818181818,58.42727272727273,W
5.25,3.6,1.67,57.90909090909091,66.81818181818181,D
1.73,3.5,5.0,66.18181818181819,61.281818181818174,W
2.8,3.2,2.5,60.81818181818182,60.36363636363637,D
1.85,3.5,4.2,59.18181818181818,62.281818181818174,W
2.75,3.1,2.63,63.75454545454545,58.8,D
3.8,3.2,2.05,58.53636363636363,67.9090909090909,W
2.15,3.1,3.6,63.40909090909091,59.36363636363637,L
4.0,3.3,1.95,60.36363636363637,59.18181818181818,L
2.38,3.1,3.1,62.64545454545455,59.90909090909091,W
2.3,3.1,3.2,62.49090909090909,61.22727272727273,D
1.83,3.4,4.5,57.26363636363636,59.63636363636363,W
2.5,3.0,3.0,58.53636363636363,62.35454545454545,L
2.1,3.1,3.8,61.76363636363636,62.81818181818182,W
1.8,3.4,4.75,58.309090909090905,58.36363636363637,L
1.44,4.2,7.5,70.36363636363636,65.27272727272727,D
10.0,4.6,1.33,61.63636363636363,70.27272727272727,L
1.65,3.6,5.5,64.0,59.07272727272727,L
3.1,3.1,2.38,58.45454545454545,57.209090909090904,L
2.38,3.1,3.1,57.27272727272727,60.75454545454545,D
1.44,4.33,7.0,69.45454545454545,61.654545454545456,W
1.62,3.4,6.5,62.845454545454544,58.790909090909096,D
2.05,3.2,3.8,61.21818181818182,59.36363636363637,L
1.95,3.3,4.0,67.45454545454545,59.45454545454545,D
1.67,3.6,5.25,59.18181818181818,55.81818181818182,W
1.73,3.5,5.0,61.76363636363636,62.13636363636363,W
1.57,3.6,6.5,57.81818181818182,58.27272727272727,L
3.6,3.25,2.1,59.36363636363637,63.81818181818182,L
1.91,3.4,4.0,59.18181818181818,57.45454545454545,W
2.5,3.2,2.88,62.00909090909091,62.35454545454545,L
1.4,4.6,7.5,68.72727272727273,67.0,W
2.63,3.1,2.8,60.08181818181818,59.95454545454545,W
2.4,3.3,2.88,61.76363636363636,59.18181818181818,W
2.2,3.1,3.5,59.43636363636363,61.01818181818182,L
2.5,3.2,2.8,60.47272727272727,62.63636363636363,W
1.57,3.6,6.5,58.58181818181818,59.27272727272727,W
1.44,4.2,7.5,65.63636363636364,60.06363636363637,D
2.05,3.2,3.75,57.39090909090908,59.27272727272727,W
2.5,3.0,3.0,62.36363636363637,56.809090909090905,D
7.0,4.33,1.44,59.027272727272724,67.45454545454545,L
2.5,3.2,2.88,62.27272727272727,59.45454545454545,W
2.0,3.2,4.0,60.82727272727273,59.527272727272724,W
3.3,3.1,2.3,60.81818181818182,60.72727272727273,L
2.25,3.25,3.2,66.0,59.09090909090909,W
1.25,5.25,13.0,59.0,58.0,W
2.05,3.2,3.75,62.39090909090908,59.59090909090908,D
2.0,3.2,4.0,60.49090909090909,58.54545454545455,W
2.5,3.0,3.0,63.45454545454545,60.86363636363637,W
2.38,3.1,3.1,58.72727272727273,61.99090909090909,L
2.4,3.1,3.1,61.1,60.36363636363637,W
3.5,3.25,2.1,58.54545454545455,68.54545454545455,L
1.65,3.6,5.5,58.90909090909091,62.0,W
1.5,4.0,7.0,60.16363636363636,59.58181818181818,W
3.75,3.1,2.1,57.17272727272727,67.0,W
2.25,3.2,3.2,55.67272727272727,69.0,D
1.62,3.75,5.5,70.0909090909091,58.72727272727273,W
7.5,4.2,1.44,60.18181818181818,71.0909090909091,L
3.6,3.3,2.05,61.90909090909091,60.24545454545455,D
2.5,3.1,2.9,61.845454545454544,61.19090909090908,L
1.8,3.3,4.75,58.57272727272727,58.0,W
1.62,3.6,6.0,68.36363636363636,58.99090909090909,D
1.91,3.4,4.0,57.45454545454545,58.99090909090909,D
1.62,3.6,6.0,59.63636363636363,67.0909090909091,W
2.5,3.1,2.9,62.45454545454545,60.45454545454545,W
2.7,3.1,2.7,62.99090909090909,57.19090909090908,D
1.53,3.75,7.5,59.27272727272727,61.99090909090909,W
2.3,3.1,3.4,59.75454545454545,63.18181818181818,D
2.6,3.1,2.9,59.90909090909091,61.09090909090909,W
1.22,6.5,13.0,69.0,58.27272727272727,W
2.15,3.25,3.6,60.93636363636363,61.36363636363637,W
2.9,3.1,2.6,61.71818181818182,68.54545454545455,W
1.83,3.5,4.5,60.45454545454545,57.0,L
2.25,3.1,3.5,64.54545454545455,60.45454545454545,W
2.2,3.1,3.6,60.46363636363637,58.45454545454545,W
2.4,3.2,3.1,58.09090909090909,60.59090909090909,W
4.2,3.5,1.91,57.0,60.45454545454545,D
1.4,4.5,9.0,66.9090909090909,59.45454545454545,W
2.1,3.1,3.8,62.845454545454544,60.27272727272727,L
2.3,3.2,3.25,58.45454545454545,59.6,L
2.6,3.2,2.8,62.39090909090908,60.51818181818182,W
5.75,3.5,1.7,66.63636363636364,71.36363636363636,D
2.75,3.0,2.8,61.90909090909091,65.45454545454545,D
3.2,3.0,2.5,61.91818181818182,59.01818181818182,L
2.63,3.0,2.9,57.36363636363637,60.15454545454545,L
1.5,4.2,7.0,58.53636363636363,58.972727272727276,W
2.63,3.2,2.8,59.72727272727273,69.45454545454545,L
1.85,3.5,4.5,65.36363636363636,57.0,W
2.0,3.3,4.0,60.72727272727273,60.0,L
1.29,5.5,11.0,66.0909090909091,61.35454545454545,W
2.05,3.2,4.0,59.16363636363636,61.72727272727273,L
1.45,4.2,8.0,59.36363636363637,60.90909090909091,W
3.5,3.3,2.15,62.91818181818182,60.8,L
4.2,3.2,2.0,58.54545454545455,65.27272727272727,D
1.4,4.75,8.0,60.18181818181818,61.63636363636363,W
2.15,3.0,3.8,58.93636363636363,62.35454545454545,L
1.45,4.33,7.5,60.67272727272727,61.445454545454545,W
3.0,3.2,2.5,63.63636363636363,58.90909090909091,W
1.91,3.4,4.33,57.0,59.90909090909091,W
1.8,3.5,4.75,63.09090909090909,59.09090909090909,D
2.2,3.1,3.6,59.75454545454545,63.18181818181818,W
2.2,3.2,3.5,59.445454545454545,61.92727272727273,W
7.5,4.5,1.44,61.75454545454545,71.63636363636364,W
2.05,3.2,4.0,62.0,60.90909090909091,W
3.4,3.1,2.3,62.54545454545455,57.472727272727276,D
2.6,3.2,2.8,67.18181818181819,59.0,W
2.4,3.2,3.1,58.45454545454545,62.45454545454545,W
1.95,3.3,4.33,61.81818181818182,63.72727272727273,D
2.38,3.1,3.3,59.26363636363636,61.71818181818182,L
3.75,3.25,2.1,59.54545454545455,67.18181818181819,L
1.25,5.75,13.0,70.45454545454545,61.90909090909091,D
1.83,3.4,4.75,60.59090909090909,58.18181818181818,L
1.91,3.4,4.33,58.63636363636363,62.08181818181818,D
2.6,3.2,2.88,64.54545454545455,59.690909090909095,L
1.67,3.8,5.5,58.72727272727273,62.0,W
1.5,4.0,7.5,59.31818181818182,60.18181818181818,W
1.67,3.5,6.0,64.36363636363636,61.18181818181818,W
4.33,3.4,1.91,62.27272727272727,59.81818181818182,W
8.0,4.75,1.4,63.09090909090909,71.36363636363636,W
2.7,3.1,2.8,60.45454545454545,60.48181818181818,D
2.0,3.3,4.0,61.3,58.36363636363637,W
1.8,3.5,4.75,62.45454545454545,60.09090909090909,W
2.3,3.2,3.3,60.0,60.08181818181818,W
3.75,3.25,2.1,59.99090909090909,57.127272727272725,L
1.57,4.0,6.0,60.03636363636363,59.27272727272727,W
1.75,3.5,5.0,65.36363636363636,69.0909090909091,D
1.75,3.6,5.0,60.81818181818182,61.45454545454545,D
1.91,3.3,4.5,67.63636363636364,58.0,L
2.2,3.3,3.4,60.81818181818182,60.24545454545455,W
4.5,3.5,1.85,58.81818181818182,58.71818181818182,L
2.75,3.0,2.88,58.18181818181818,61.18181818181818,W
2.4,3.1,3.2,61.45454545454545,62.09090909090909,L
1.62,3.6,6.5,67.18181818181819,60.90909090909091,W
1.91,3.3,4.5,61.09090909090909,60.09090909090909,D
1.44,4.5,7.5,59.90909090909091,60.790909090909096,W
1.18,7.0,17.0,70.63636363636364,60.54545454545455,W
3.0,3.0,2.6,61.99090909090909,56.82727272727272,D
3.5,3.3,2.15,58.0,59.45454545454545,W
2.5,3.1,3.1,62.845454545454544,66.36363636363636,D
2.25,3.2,3.4,60.17272727272727,56.90909090909091,W
2.8,3.1,2.7,65.9090909090909,67.81818181818181,L
2.3,3.1,3.4,61.81818181818182,61.63636363636363,W
2.5,3.2,2.9,60.18181818181818,58.45454545454545,W
1.36,4.75,9.0,60.03636363636363,60.98181818181818,W
2.3,3.2,3.3,60.35454545454545,58.63636363636363,D
2.0,3.3,4.0,60.809090909090905,60.81818181818182,L
3.6,3.4,2.1,56.51818181818182,71.45454545454545,L
1.22,6.0,15.0,69.36363636363636,58.83636363636364,W
2.1,3.2,3.8,59.90909090909091,62.709090909090904,D
2.38,3.2,3.2,56.27272727272727,62.09090909090909,D
1.33,5.0,10.0,59.90909090909091,60.8,W
2.6,3.0,3.0,59.209090909090904,58.18181818181818,D
2.4,3.0,3.3,62.27272727272727,62.36363636363637,D
1.83,3.5,4.5,59.18181818181818,60.08181818181818,W
1.95,3.3,4.2,64.36363636363636,60.809090909090905,D
3.5,3.1,2.25,60.81818181818182,59.49090909090909,W
2.1,3.2,3.8,69.0909090909091,61.50909090909091,D
1.57,3.75,7.0,57.59090909090909,57.90909090909091,D
2.2,3.1,3.6,62.41818181818182,60.72727272727273,W
2.25,3.2,3.4,60.81818181818182,60.18181818181818,W
2.9,3.1,2.6,60.63636363636363,61.36363636363637,L
2.2,3.2,3.6,62.27272727272727,62.18181818181818,L
2.5,3.2,3.0,58.63636363636363,56.72727272727273,L
3.3,3.2,2.3,58.71818181818182,59.63636363636363,D
3.5,3.1,2.25,61.3,69.0909090909091,W
3.4,3.3,2.2,60.22727272727273,71.45454545454545,D
2.2,3.1,3.7,58.72727272727273,59.63636363636363,D
1.33,5.0,9.5,60.18181818181818,58.77272727272727,D
1.95,3.4,4.2,58.36363636363637,59.54545454545455,L
2.0,3.2,4.2,63.45454545454545,58.63636363636363,D
1.91,3.3,4.5,61.93636363636363,62.85454545454545,L
1.25,6.0,12.0,70.0909090909091,61.81818181818182,D
2.25,3.2,3.4,60.63636363636363,56.81818181818182,W
2.6,3.1,2.9,65.0,56.654545454545456,W
3.25,3.25,2.3,56.72727272727273,58.73636363636363,D
2.6,3.1,2.9,59.81818181818182,61.154545454545456,L
3.2,3.0,2.38,58.45454545454545,68.81818181818181,L
2.8,3.0,2.75,63.96363636363637,64.0,W
2.0,3.4,3.9,61.09090909090909,60.45454545454545,W
1.25,6.0,12.0,67.54545454545455,59.45454545454545,W
2.4,3.1,3.2,59.1,62.27272727272727,D
2.25,3.2,3.4,59.54545454545455,62.45454545454545,L
1.57,3.8,6.5,60.36363636363637,62.26363636363636,W
2.15,3.1,3.8,58.57272727272727,57.54545454545455,D
2.55,3.2,2.9,56.76363636363636,60.63636363636363,D
1.44,4.5,7.5,60.90909090909091,62.36363636363637,L
1.7,3.6,5.5,63.63636363636363,60.972727272727276,D
2.3,3.2,3.3,59.09090909090909,59.654545454545456,L
2.8,3.1,2.7,64.18181818181819,58.809090909090905,W
1.95,3.3,4.33,58.72727272727273,65.21818181818182,W
2.15,3.25,3.6,57.54545454545455,59.36363636363637,L
2.88,3.1,2.63,55.54545454545455,58.85454545454545,D
3.25,3.1,2.38,65.45454545454545,69.36363636363636,D
2.1,3.2,3.8,63.0,58.27272727272727,W
2.2,3.1,3.6,62.3,60.445454545454545,W
2.63,3.25,2.75,58.72727272727273,58.72727272727273,W
3.1,3.2,2.4,57.81818181818182,59.90909090909091,L
2.3,3.1,3.4,62.654545454545456,58.90909090909091,W
2.7,3.0,2.88,61.36363636363637,65.18181818181819,L
4.2,3.1,2.05,60.45454545454545,66.27272727272727,L
1.2,6.25,15.0,70.81818181818181,59.45454545454545,W
2.5,3.1,3.1,60.50909090909091,61.51818181818182,W
1.85,3.4,4.75,61.08181818181818,61.09090909090909,W
2.9,3.1,2.5,63.0,60.445454545454545,L
2.63,3.1,2.88,62.0,63.54545454545455,L
1.65,3.6,6.0,59.86363636363637,58.72727272727273,W
1.57,3.7,7.0,67.36363636363636,62.9,W
2.4,3.0,3.3,61.27272727272727,62.26363636363636,L
2.5,3.1,3.1,60.18181818181818,57.18181818181818,W
1.91,3.5,4.2,57.45454545454545,60.09090909090909,W
3.8,3.2,2.1,59.72727272727273,58.85454545454545,L
1.85,3.3,4.75,61.81818181818182,61.60909090909092,W
2.0,3.2,4.2,61.36363636363637,61.27272727272727,W
4.2,3.4,1.95,64.0909090909091,67.54545454545455,W
1.91,3.2,4.75,61.72727272727273,59.56363636363637,W
2.05,3.3,3.8,60.18181818181818,59.26363636363636,D
1.25,6.0,12.0,71.81818181818181,56.27272727272727,W
2.9,3.1,2.6,60.39090909090908,62.445454545454545,D
1.91,3.5,4.2,62.09090909090909,58.54545454545455,D
3.0,3.1,2.55,57.54545454545455,61.81818181818182,W
1.53,4.0,7.0,57.86363636363637,62.83636363636364,L
2.2,3.25,3.5,61.08181818181818,61.7,D
2.6,3.0,3.0,57.27272727272727,64.0909090909091,W
4.5,3.6,1.8,60.18181818181818,59.63636363636363,L
4.5,3.3,1.91,58.08181818181818,69.0909090909091,L
2.0,3.2,4.2,58.86363636363637,62.27272727272727,W
1.91,3.2,4.75,68.45454545454545,58.92727272727273,D
3.6,3.25,2.15,59.48181818181818,59.83636363636364,L
1.67,3.5,6.0,61.54545454545455,60.42727272727273,W
2.05,3.3,3.8,56.72727272727273,61.19090909090908,L
2.8,3.1,2.7,58.45454545454545,58.72727272727273,W
1.85,3.5,4.5,63.18181818181818,60.0,W
1.95,3.25,4.33,56.90909090909091,58.16363636363636,D
1.62,3.8,6.0,62.09090909090909,60.63636363636363,W
3.1,3.25,2.38,60.09090909090909,72.18181818181819,L
2.2,3.2,3.5,62.35454545454545,59.63636363636363,L
1.73,3.5,5.5,67.0909090909091,62.09090909090909,D
3.3,3.3,2.25,61.09090909090909,67.54545454545455,L
2.6,3.3,2.75,63.81818181818182,59.90909090909091,W
3.25,3.1,2.4,58.845454545454544,62.90909090909091,L
2.7,3.2,2.75,59.90909090909091,56.18181818181818,D
2.3,3.2,3.3,56.9,61.18181818181818,L
2.2,3.1,3.6,61.1,62.7,W
1.62,3.6,6.5,58.5,61.71818181818182,W
2.38,3.3,3.1,57.90909090909091,62.09090909090909,W
1.4,4.5,8.0,59.309090909090905,63.472727272727276,W
4.2,3.3,1.95,62.027272727272724,60.54545454545455,W
2.15,3.25,3.6,62.654545454545456,58.90909090909091,L
1.95,3.3,4.33,62.48181818181818,59.54545454545455,D
2.15,3.25,3.6,57.45454545454545,56.27272727272727,L
2.2,3.3,3.4,58.45454545454545,60.54545454545455,W
1.67,3.6,6.0,66.63636363636364,61.10909090909092,D
6.0,3.8,1.62,62.27272727272727,66.72727272727273,L
2.15,3.1,3.8,63.27272727272727,64.72727272727273,W
1.95,3.4,4.2,58.86363636363637,59.599999999999994,D
1.95,3.5,4.0,62.18181818181818,61.54545454545455,W
1.36,4.8,9.0,59.63636363636363,57.0,L
1.62,3.75,6.0,63.45454545454545,59.45454545454545,D
2.2,3.1,3.6,61.45454545454545,60.07272727272727,L
2.0,3.2,4.0,59.54545454545455,61.74545454545455,L
1.36,4.6,10.0,70.72727272727273,63.27272727272727,W
2.0,3.2,4.2,60.1090909090909,62.10909090909092,W
2.05,3.2,4.0,57.36363636363637,61.99090909090909,D
5.75,3.4,1.73,59.36363636363637,67.18181818181819,L
5.0,3.6,1.75,58.71818181818182,58.71818181818182,L
1.75,3.4,5.5,58.61818181818182,60.63636363636363,W
1.13,9.0,19.0,68.27272727272727,59.45454545454545,W
4.6,3.8,1.75,58.72727272727273,59.09090909090909,L
3.6,3.1,2.25,61.77272727272727,60.73636363636363,W
2.05,3.4,3.75,60.07272727272727,57.90909090909091,W
2.5,3.2,3.0,56.36363636363637,65.9090909090909,D
1.25,5.75,13.0,58.68181818181818,60.09090909090909,W
2.05,3.3,3.8,61.90909090909091,59.74545454545455,D
2.1,3.3,3.7,60.945454545454545,60.18181818181818,D
1.53,3.8,7.5,61.09090909090909,60.09090909090909,W
1.44,4.33,8.0,67.18181818181819,58.54545454545455,W
10.0,5.0,1.33,62.027272727272724,71.18181818181819,L
1.13,8.5,23.0,70.18181818181819,62.809090909090905,W
1.57,3.6,7.0,64.36363636363636,61.72727272727273,W
5.0,3.75,1.73,60.18181818181818,59.36363636363637,W
2.1,3.3,3.75,60.36363636363637,57.0,L
2.6,3.25,2.8,58.90909090909091,55.81818181818182,L
2.05,3.25,4.0,60.6,61.21818181818182,L
2.5,3.2,3.0,59.27272727272727,64.72727272727273,W
4.33,3.4,1.91,60.54545454545455,58.60909090909092,L
2.2,3.3,3.4,59.0,67.18181818181819,W
1.62,3.75,6.0,59.09090909090909,61.10909090909092,W
2.3,3.3,3.2,63.03636363636363,60.18181818181818,D
4.2,3.5,1.91,58.18181818181818,58.39090909090908,L
2.5,3.2,3.0,62.209090909090904,58.27272727272727,W
3.2,3.3,2.3,63.54545454545455,60.27272727272727,L
1.8,3.8,4.33,59.67272727272727,64.0909090909091,D
1.22,6.0,15.0,68.0909090909091,61.10909090909092,W
7.5,4.5,1.44,61.72727272727273,70.81818181818181,L
2.7,3.2,2.7,64.17272727272727,57.36363636363637,D
1.62,3.8,6.0,61.627272727272725,60.04545454545455,W
2.15,3.3,3.5,58.58181818181818,59.290909090909096,W
2.05,3.4,3.8,63.18181818181818,61.0,W
1.75,3.8,4.5,59.0,58.527272727272724,W
3.4,3.3,2.2,59.90909090909091,61.99090909090909,W
7.0,4.2,1.5,57.36363636363637,67.63636363636364,L
1.22,6.5,13.0,60.90909090909091,58.03636363636363,W
3.3,3.3,2.25,60.09090909090909,64.81818181818181,L
1.14,9.0,17.0,66.36363636363636,57.72727272727273,W
3.1,3.4,2.3,59.40909090909091,59.53636363636363,L
1.25,6.0,12.0,58.27272727272727,62.67272727272727,W
1.91,3.6,4.0,59.81818181818182,62.26363636363636,L
7.0,4.0,1.5,67.98181818181818,66.5909090909091,L
1.67,3.8,5.0,69.2,67.5,W
2.05,3.4,3.6,64.27272727272727,65.77272727272727,D
3.1,3.2,2.35,61.809090909090905,68.0,W
3.9,3.4,1.95,62.7,65.13636363636364,L
2.0,3.4,3.75,72.0,66.9090909090909,W
2.2,3.25,3.3,64.58181818181818,63.27272727272727,D
2.3,3.4,3.0,57.98181818181818,64.86363636363636,D
3.1,3.3,2.3,61.78181818181818,65.72727272727273,D
1.8,3.5,4.5,66.88181818181819,61.03636363636363,W
5.5,3.75,1.62,61.027272727272724,66.96363636363637,L
1.4,4.5,8.0,68.25454545454545,65.9090909090909,W
2.25,3.4,3.1,63.709090909090904,63.63636363636363,L
1.57,3.8,6.0,69.54545454545455,60.90909090909091,D
1.44,4.33,7.0,65.72727272727273,60.627272727272725,W
1.33,5.0,9.0,63.81818181818182,61.77272727272727,W
1.36,4.75,8.0,65.25454545454545,67.17272727272727,L
2.7,3.2,2.6,68.36363636363636,73.45454545454545,L
2.4,3.1,3.1,66.06363636363636,61.00909090909091,W
2.2,3.3,3.3,65.89999999999999,65.04545454545455,W
2.8,3.0,2.7,60.054545454545455,61.4,D
3.2,3.3,2.25,69.0,69.4090909090909,L
3.25,3.1,2.3,63.63636363636363,69.5909090909091,L
2.9,3.1,2.5,67.16363636363636,67.9090909090909,L
3.0,3.0,2.5,61.09090909090909,64.27272727272727,W
3.75,3.4,2.0,65.24545454545455,67.18181818181819,D
1.3,5.0,11.0,65.92727272727274,66.18181818181819,W
2.63,3.2,2.7,61.2,65.72727272727273,D
1.91,3.5,4.0,61.03636363636363,67.45454545454545,L
3.3,3.25,2.2,65.0909090909091,65.77272727272727,W
4.5,3.3,1.85,61.39090909090908,73.54545454545455,D
2.55,3.3,2.7,66.8,60.54545454545455,L
1.44,4.33,7.0,70.0909090909091,61.845454545454544,D
2.05,3.4,3.5,65.36363636363636,59.59090909090909,D
1.44,4.33,7.0,68.18181818181819,63.72727272727273,W
1.13,8.0,19.0,68.27272727272727,58.5,W
1.44,4.33,7.0,66.0,64.22727272727273,D
3.75,3.4,2.0,70.36363636363636,68.0909090909091,L
1.91,3.3,4.2,65.11818181818181,65.63636363636364,W
1.8,3.5,4.5,66.54545454545455,64.27272727272727,L
6.5,3.8,1.55,65.36363636363636,68.94545454545454,L
1.33,5.0,9.0,68.65454545454546,63.67272727272727,W
5.5,3.75,1.62,61.99090909090909,70.45454545454545,D
2.25,3.25,3.25,68.36363636363636,60.49090909090909,D
2.9,3.0,2.6,62.0,66.54545454545455,L
1.44,4.33,7.0,68.45454545454545,63.68181818181818,L
4.5,3.5,1.8,60.90909090909091,64.4090909090909,L
2.88,3.2,2.5,61.45454545454545,70.13636363636364,D
2.9,3.25,2.4,64.32727272727273,66.0909090909091,L
2.2,3.2,3.4,66.0,68.63636363636364,W
2.0,3.3,3.75,66.27272727272727,63.68181818181818,W
1.4,4.75,7.0,73.81818181818181,67.18181818181819,W
2.38,3.2,3.0,61.25454545454545,63.31818181818182,W
2.38,3.3,2.9,69.93636363636364,65.36363636363636,W
1.8,3.5,4.5,70.02727272727272,66.54545454545455,W
1.5,4.0,7.0,66.0909090909091,57.71818181818182,W
1.5,4.0,7.0,66.16363636363636,62.45454545454545,W
1.91,3.4,4.0,69.0,58.36363636363637,L
1.83,3.4,4.5,66.88181818181818,63.45454545454545,W
1.45,4.2,7.5,66.0,62.190909090909095,D
1.3,5.5,9.0,69.01818181818182,65.45454545454545,W
7.5,4.5,1.4,61.27272727272727,68.05454545454546,D
2.5,3.2,2.88,64.63636363636364,67.72727272727273,W
2.5,3.3,2.75,64.61818181818181,66.27272727272727,D
2.05,3.3,3.6,69.47272727272728,67.36363636363636,L
3.4,3.4,2.1,66.44545454545454,73.63636363636364,L
2.5,3.25,2.8,69.27272727272727,64.5,D
1.65,3.6,5.5,63.54545454545455,59.77272727272727,W
2.15,3.2,3.4,62.53636363636363,66.63636363636364,W
2.1,3.3,3.5,61.7,61.5,D
2.0,3.4,3.75,63.099999999999994,63.40909090909091,L
1.73,3.6,4.75,67.27272727272727,60.72727272727273,L
3.6,3.5,2.0,65.42727272727272,67.0,D
6.5,3.6,1.57,57.872727272727275,67.54545454545455,L
2.38,3.1,3.1,66.54545454545455,60.0,L
1.22,5.5,15.0,67.84545454545454,65.27272727272727,W
1.75,3.5,4.75,66.27272727272727,62.27272727272727,W
2.05,3.4,3.6,71.81818181818181,68.07272727272726,D
1.4,4.5,8.0,63.43636363636363,62.40909090909091,W
1.91,3.4,4.0,65.0909090909091,63.54545454545455,W
2.2,3.25,3.3,58.54545454545455,61.309090909090905,W
4.0,3.4,1.91,64.18181818181819,64.4090909090909,D
3.4,3.4,2.1,64.7090909090909,72.36363636363636,D
1.65,3.6,5.5,69.45454545454545,65.0909090909091,W
7.0,4.0,1.5,61.51818181818182,68.12727272727273,W
1.8,3.6,4.33,69.27272727272727,66.18181818181819,W
1.91,3.4,4.0,63.81818181818182,65.45454545454545,W
1.18,6.5,15.0,67.47272727272728,60.5,W
1.83,3.4,4.33,62.66363636363636,66.0,W
3.2,3.3,2.25,65.26363636363637,65.45454545454545,D
7.5,4.2,1.44,61.16363636363636,65.56363636363636,L
2.4,3.3,2.9,63.43636363636363,67.0909090909091,W
3.4,3.4,2.1,65.63636363636364,68.5,W
2.4,3.2,3.0,67.72727272727273,60.72727272727273,D
1.5,4.0,7.0,72.0,66.72727272727273,L
3.0,3.2,2.4,65.13636363636364,69.63636363636364,W
1.85,3.5,4.2,62.45454545454545,66.0,D
2.05,3.3,3.6,65.0909090909091,62.35454545454545,L
2.88,3.2,2.5,61.690909090909095,63.72727272727273,D
1.53,3.8,6.5,68.0909090909091,64.31818181818181,W
2.6,3.2,2.7,66.15454545454544,72.45454545454545,D
2.1,3.4,3.4,60.90909090909091,65.81818181818181,D
2.2,3.4,3.2,64.7090909090909,61.17272727272727,D
1.85,3.4,4.33,68.63636363636364,63.73636363636364,W
3.75,3.25,2.05,60.8,65.18181818181819,W
2.5,3.3,2.75,67.98181818181818,63.31818181818182,L
1.45,4.5,6.5,68.52727272727272,65.22727272727273,D
1.2,6.0,15.0,68.0909090909091,66.0,W
2.15,3.3,3.4,66.54545454545455,63.81818181818182,D
1.44,4.33,7.0,71.2,62.63636363636363,W
4.5,3.4,1.83,66.63636363636364,67.23636363636363,L
3.75,3.4,2.0,68.0,68.19999999999999,L
4.0,3.3,1.95,63.4,66.27272727272727,D
3.4,3.4,2.1,67.01818181818182,70.71818181818182,L
2.63,3.2,2.7,70.72727272727273,68.56363636363636,D
1.36,4.75,8.5,65.52727272727272,63.68181818181818,D
2.15,3.4,3.3,64.71818181818182,62.627272727272725,L
1.83,3.5,4.33,61.45454545454545,62.90909090909091,L
1.85,3.4,4.33,66.83636363636364,69.2909090909091,D
2.15,3.3,3.4,61.7,66.9090909090909,D
3.75,3.3,2.1,68.89090909090909,68.36363636363636,D
2.0,3.5,3.6,61.36363636363637,66.53636363636363,W
3.8,3.5,2.0,64.7090909090909,70.71818181818182,L
3.4,3.2,2.25,63.36363636363637,60.27272727272727,L
2.1,3.4,3.6,62.73636363636363,64.45454545454545,D
1.3,5.0,13.0,67.23636363636363,62.67272727272727,W
1.62,3.75,6.0,70.72727272727273,65.60000000000001,W
1.85,3.6,4.5,66.0909090909091,66.80909090909091,W
1.75,3.75,4.75,69.54545454545455,64.22727272727273,W
3.3,3.4,2.2,67.24545454545454,64.04545454545455,D
3.8,3.4,2.05,70.92727272727274,66.38181818181819,D
1.33,5.25,9.0,66.0,62.63636363636363,D
1.91,3.3,4.5,63.18181818181818,63.54545454545455,D
1.62,3.6,6.5,65.18181818181819,59.372727272727275,W
3.1,3.25,2.4,58.90909090909091,71.0909090909091,W
1.5,4.0,7.5,67.62727272727273,66.27272727272727,L
1.33,5.0,10.0,66.45454545454545,62.627272727272725,D
3.6,3.4,2.1,66.26363636363637,68.27272727272727,L
1.85,3.6,4.33,64.74545454545455,68.89999999999999,L
2.7,3.25,2.7,68.27272727272727,67.81818181818181,L
1.57,3.8,6.5,70.63636363636364,65.81818181818181,W
2.05,3.5,3.6,65.0909090909091,58.68181818181818,W
7.5,3.8,1.53,64.06363636363636,71.85454545454546,L
3.6,3.5,2.05,60.18181818181818,66.18181818181819,L
1.36,4.75,9.0,66.7090909090909,64.08181818181818,D
2.8,3.4,2.5,72.0909090909091,65.13636363636364,W
2.25,3.5,3.1,66.44545454545454,64.31818181818181,D
1.95,3.6,3.8,66.42727272727274,64.39090909090909,L
4.2,3.4,1.95,67.35454545454546,67.68181818181819,L
2.4,3.1,3.2,62.73636363636363,62.809090909090905,D
8.0,4.5,1.4,64.75454545454545,71.23636363636363,L
1.33,5.0,9.0,65.9090909090909,67.83636363636364,W
1.75,3.8,4.75,68.27272727272727,72.27272727272727,D
1.53,4.0,7.0,61.43636363636363,62.82727272727273,D
2.3,3.2,3.3,63.81818181818182,66.0909090909091,D
1.45,4.2,8.0,71.00909090909092,61.627272727272725,D
2.38,3.2,3.2,65.92727272727272,68.89999999999999,L
2.15,3.4,3.5,68.26363636363637,70.9090909090909,D
1.85,3.5,4.5,65.06363636363636,65.67272727272727,D
2.0,3.3,3.8,63.345454545454544,62.53636363636363,W
1.85,3.4,4.33,69.27272727272727,63.71818181818182,W
9.5,4.75,1.36,62.14545454545455,67.5,L
3.1,3.1,2.5,69.18181818181819,59.90909090909091,D
1.91,3.5,4.2,62.73636363636363,64.11818181818181,D
1.95,3.3,4.33,60.36363636363637,66.0909090909091,D
1.44,4.33,8.0,70.2090909090909,66.22727272727273,D
1.62,3.8,6.0,68.72727272727273,59.26363636363636,L
1.95,3.5,4.0,65.18181818181819,65.4090909090909,W
4.0,3.5,1.95,67.27272727272727,71.5909090909091,W
4.2,3.5,1.91,66.60909090909091,71.0,L
2.05,3.2,4.0,63.527272727272724,65.0,D
2.63,3.2,2.7,61.36363636363637,71.18181818181819,D
2.05,3.2,4.0,67.72727272727273,68.83636363636364,D
1.67,3.75,5.5,64.18181818181819,60.54545454545455,W
1.73,3.75,4.75,70.34545454545454,63.63636363636363,W
2.38,3.25,3.1,67.72727272727273,67.27272727272727,W
1.62,3.8,6.0,69.81818181818181,60.45454545454545,W
2.9,3.25,2.5,65.34545454545454,70.05454545454546,L
2.1,3.3,3.75,69.18181818181819,69.0,D
1.85,3.4,4.75,66.62727272727273,61.13636363636363,W
3.5,3.25,2.2,59.63636363636363,70.0909090909091,D
3.6,3.3,2.15,66.27272727272727,64.72727272727273,D
4.75,3.3,1.85,60.127272727272725,63.0,L
4.0,3.3,2.0,69.27272727272727,71.35454545454546,L
2.3,3.2,3.3,58.72727272727273,59.36363636363637,D
1.18,7.0,17.0,68.37272727272726,66.27272727272727,W
2.5,3.2,3.0,66.72727272727273,66.5,L
1.53,4.0,7.0,69.81818181818181,66.0909090909091,L
2.6,3.1,2.88,65.81818181818181,67.14545454545454,L
2.2,3.3,3.4,63.49090909090909,65.45454545454545,D
1.85,3.4,4.33,69.9090909090909,69.45454545454545,W
2.3,3.25,3.25,64.9090909090909,61.72727272727273,W
2.5,3.2,3.0,68.53636363636363,66.36363636363636,W
1.62,3.6,6.5,65.81818181818181,59.0,L
1.17,7.0,19.0,68.7090909090909,68.54545454545455,W
2.0,3.3,4.0,67.30909090909091,64.72727272727273,D
2.4,3.2,3.1,72.18181818181819,65.81818181818181,D
1.8,3.5,4.75,71.45454545454545,61.54545454545455,L
1.4,5.0,7.5,66.16363636363636,60.54545454545455,W
2.0,3.3,3.8,59.27272727272727,66.72727272727273,L
1.44,4.2,8.5,69.36363636363636,60.67272727272727,D
3.4,3.4,2.15,62.81818181818182,69.2090909090909,D
2.2,3.2,3.5,66.36363636363636,65.0,W
1.8,3.5,4.75,65.45454545454545,64.52727272727272,W
3.1,3.3,2.38,61.16363636363636,69.0,W
8.0,4.33,1.44,64.36363636363636,69.88181818181819,D
7.5,3.8,1.53,58.127272727272725,69.0909090909091,W
5.25,3.6,1.73,68.34545454545454,67.86363636363636,L
1.53,4.0,7.0,70.01818181818182,65.77272727272727,W
2.05,3.1,4.2,62.32727272727273,67.45454545454545,W
1.33,5.0,10.0,68.26363636363637,73.63636363636364,W
3.1,3.1,2.5,68.08181818181818,61.554545454545455,L
1.5,4.2,7.0,69.25454545454545,65.82727272727273,W
1.53,4.0,7.0,60.57272727272727,58.04545454545455,W
1.8,3.5,4.75,66.0909090909091,63.554545454545455,W
4.0,3.4,2.0,65.63636363636364,67.81818181818181,L
1.8,3.5,4.75,64.46363636363637,63.81818181818182,D
1.36,5.0,8.5,67.34545454545454,63.45454545454545,W
1.57,4.0,6.0,69.9090909090909,60.45454545454545,L
2.6,3.1,2.9,66.53636363636363,68.4090909090909,L
3.3,3.3,2.25,59.71818181818182,68.86363636363636,L
4.0,3.3,2.0,65.33636363636364,66.5909090909091,W
1.73,3.6,5.0,61.32727272727273,64.62727272727273,D
1.75,3.6,5.0,68.81818181818181,60.68181818181818,D
1.85,3.6,4.33,60.09090909090909,64.48181818181818,W
3.4,3.25,2.25,65.78181818181818,67.54545454545455,L
15.0,6.0,1.22,58.54545454545455,67.47272727272728,D
3.1,3.25,2.38,64.81818181818181,66.0909090909091,L
1.29,5.5,11.0,63.92727272727273,64.45454545454545,D
2.63,3.1,2.75,69.18181818181819,68.27272727272727,W
1.17,7.0,19.0,68.13636363636364,62.690909090909095,W
1.44,4.33,8.0,68.97272727272728,58.72727272727273,W
2.0,3.2,4.2,62.0090909090909,68.10909090909091,W
1.6,3.8,6.0,68.54545454545455,65.73636363636363,W
5.0,3.6,1.75,64.26363636363637,67.78181818181818,D
1.75,3.6,5.0,68.53636363636363,63.63636363636363,D
3.3,3.25,2.3,65.39090909090909,68.0909090909091,L
1.5,4.0,7.5,65.81818181818181,59.77272727272727,W
2.38,3.2,3.2,65.88181818181818,61.54545454545455,D
3.0,3.1,2.5,67.63636363636364,70.77272727272727,D
2.3,3.1,3.3,63.81818181818182,61.9,D
2.15,3.4,3.4,69.18181818181819,69.27272727272727,L
1.95,3.5,4.0,64.72727272727273,65.2090909090909,L
3.25,3.25,2.2,57.50909090909091,67.36363636363636,L
3.2,3.3,2.3,62.78181818181818,67.04545454545455,W
2.5,3.1,3.0,64.72727272727273,68.13636363636364,L
3.0,3.1,2.5,64.03636363636363,66.63636363636364,W
3.3,3.3,2.25,71.18181818181819,70.5,D
1.85,3.5,4.5,67.58181818181818,65.47272727272728,W
1.55,4.0,6.5,71.18181818181819,63.3,D
3.75,3.2,2.15,67.0,63.77272727272727,D
2.15,3.3,3.6,62.0090909090909,61.36363636363637,D
1.95,3.5,4.0,66.89090909090909,66.0,D
3.4,3.25,2.25,61.81818181818182,65.4090909090909,D
4.75,3.4,1.85,67.36363636363636,66.96363636363637,D
2.6,3.0,2.88,68.36363636363636,62.46363636363637,W
2.0,3.3,4.0,69.9090909090909,67.5909090909091,W
1.2,6.5,15.0,66.25454545454545,60.54545454545455,W
2.4,3.3,3.0,63.54545454545455,60.309090909090905,D
4.75,3.4,1.8,66.67272727272727,69.77272727272727,L
1.36,4.75,9.5,65.35454545454546,60.95454545454545,D
1.91,3.4,4.33,61.36363636363637,69.0,L
4.5,3.5,1.85,65.17272727272727,69.36363636363636,W
1.62,3.75,6.25,55.90909090909091,66.10909090909091,W
2.4,3.1,3.2,66.47272727272728,67.9090909090909,D
3.1,3.1,2.5,63.445454545454545,69.72727272727273,L
1.91,3.5,4.2,71.63636363636364,69.18181818181819,W
1.65,3.6,6.0,69.81818181818181,68.12727272727273,L
1.8,3.75,4.33,69.18181818181819,64.0909090909091,W
2.5,3.1,3.0,68.99090909090908,66.86363636363636,W
1.44,4.5,7.5,66.52727272727272,66.27272727272727,D
3.3,3.3,2.25,66.45454545454545,71.81818181818181,D
1.33,5.0,10.0,71.0,59.63636363636363,W
1.4,4.5,9.0,69.63636363636364,63.11818181818182,W
2.63,3.25,2.75,67.34545454545456,68.27272727272727,W
5.25,3.75,1.67,61.4,63.90909090909091,L
2.0,3.3,4.0,60.527272727272724,55.90909090909091,W
4.33,3.4,1.91,63.18181818181818,63.190909090909095,L
1.91,3.5,4.2,64.45454545454545,59.96363636363637,D
2.15,3.1,3.75,65.88181818181818,68.62727272727273,W
1.36,5.0,8.5,69.56363636363636,60.40909090909091,W
4.5,3.6,1.83,66.0909090909091,69.0909090909091,L
2.5,3.2,3.0,64.0,67.9090909090909,L
2.2,3.3,3.4,66.63636363636364,67.22727272727273,W
1.2,6.5,15.0,66.72727272727273,63.81818181818182,D
1.73,3.6,5.25,68.27272727272727,68.22727272727273,W
2.8,3.1,2.7,65.81818181818181,62.27272727272727,L
1.95,3.4,4.2,63.72727272727273,62.45454545454545,D
4.0,3.2,2.05,62.18181818181818,66.54545454545455,W
1.91,3.4,4.0,63.35454545454545,63.18181818181818,W
3.4,3.3,2.2,65.17272727272727,69.0909090909091,L
9.0,5.0,1.33,65.63636363636364,65.85454545454546,W
2.63,3.0,2.8,62.309090909090905,68.56363636363636,L
1.45,4.2,7.5,68.0909090909091,60.67272727272727,W
2.0,3.4,3.75,66.89090909090909,69.77272727272727,W
2.25,3.1,3.4,66.9090909090909,64.0,L
2.75,3.2,2.6,61.0,66.63636363636364,D
1.91,3.3,4.2,67.9090909090909,68.46363636363637,D
2.1,3.2,3.6,65.9090909090909,61.59090909090909,W
1.62,3.8,6.0,60.27272727272727,66.54545454545455,W
1.57,3.8,6.5,69.33636363636363,64.08181818181818,D
1.95,3.4,4.33,70.72727272727273,70.45454545454545,W
1.44,4.5,7.5,66.0,66.5909090909091,D
2.2,3.25,3.5,64.0,63.36363636363637,W
2.25,3.3,3.3,68.63636363636364,69.0,D
3.8,3.6,1.95,64.0,66.13636363636364,L
1.53,3.8,6.5,60.527272727272724,62.72727272727273,D
3.2,3.2,2.38,61.07272727272727,60.73636363636364,D
2.25,3.1,3.6,69.44545454545454,66.0,D
1.44,4.5,7.5,69.36363636363636,66.18181818181819,L
3.1,3.25,2.38,69.0,67.9090909090909,W
2.4,3.25,3.1,69.0909090909091,67.0909090909091,W
1.44,4.75,7.5,70.18181818181819,66.36363636363636,L
1.57,4.0,6.0,60.72727272727273,64.9090909090909,W
1.4,4.75,8.0,68.45454545454545,69.01818181818182,D
2.5,3.0,3.2,65.88181818181819,60.21818181818182,D
4.33,3.25,1.95,63.45454545454545,65.16363636363636,W
3.3,3.3,2.25,63.27272727272727,64.9090909090909,W
1.5,4.2,7.0,66.52727272727272,68.46363636363637,W
2.2,3.3,3.4,66.9090909090909,59.53636363636363,W
3.3,3.3,2.25,68.85454545454546,70.18181818181819,L
2.88,3.1,2.63,65.15454545454544,64.26363636363637,D
2.1,3.5,3.5,69.18181818181819,65.0,W
1.67,3.75,5.5,73.39090909090909,70.95454545454545,W
1.95,3.6,3.8,69.54545454545455,61.27272727272727,L
1.67,3.75,5.5,62.17272727272727,64.9090909090909,D
1.25,5.5,15.0,66.54545454545455,68.0,W
4.33,3.75,1.8,62.74545454545455,65.0909090909091,L
2.6,3.2,2.8,64.0,61.22727272727273,D
4.5,3.6,1.8,60.209090909090904,64.95454545454545,W
3.0,3.3,2.4,67.87272727272727,69.37272727272727,L
2.7,3.25,2.7,58.71818181818182,62.35454545454545,D
1.36,5.0,8.5,69.83636363636364,63.09090909090909,W
1.4,4.75,8.0,69.0909090909091,66.5,D
1.57,4.0,6.0,65.0909090909091,58.09090909090909,W
5.0,3.75,1.73,64.7909090909091,66.18181818181819,D
1.5,4.33,6.5,65.89090909090909,69.60000000000001,W
2.1,3.6,3.4,66.36363636363636,65.81818181818181,L
1.67,3.8,5.25,63.09090909090909,62.36363636363637,W
1.83,3.5,4.5,62.27272727272727,60.85454545454545,L
1.53,4.1,6.5,64.92727272727274,64.0909090909091,D
3.8,3.5,2.0,68.36363636363636,65.0909090909091,W
2.15,3.4,3.5,61.27272727272727,66.7,L
2.63,3.3,2.63,60.209090909090904,71.87272727272727,L
2.25,3.3,3.3,69.27272727272727,65.31818181818181,D
1.8,3.75,4.33,69.72727272727273,69.54545454545455,L
9.0,5.25,1.33,66.0,68.81818181818181,D
2.6,3.2,2.75,67.0909090909091,65.9090909090909,L
2.55,3.4,2.75,63.381818181818176,61.17272727272727,L
2.4,3.3,3.0,62.81818181818182,63.36363636363637,W
2.25,3.3,3.3,68.18181818181819,65.58181818181819,L
3.25,3.25,2.25,67.05454545454546,66.54545454545455,L
1.7,3.6,5.5,62.45454545454545,66.07272727272726,W
2.6,3.3,2.75,67.01818181818182,60.76363636363636,W
2.55,3.3,2.8,65.18181818181819,60.0,L
3.25,3.4,2.2,60.25454545454545,70.81818181818181,W
2.05,3.6,3.5,64.72727272727273,62.72727272727273,L
1.3,5.5,10.0,68.9090909090909,65.27272727272727,W
1.18,7.0,17.0,64.9090909090909,62.31818181818182,W
1.22,6.5,13.0,72.36363636363636,67.45454545454545,W
2.55,3.5,2.7,60.36363636363637,68.54545454545455,W
3.0,3.3,2.4,66.60000000000001,67.04545454545455,W
2.1,3.4,3.5,69.27272727272727,61.71818181818182,D
2.55,3.5,2.7,61.63636363636363,63.18181818181818,L
3.4,3.5,2.15,61.27272727272727,71.86363636363636,L
2.63,3.5,2.63,66.45454545454545,68.5,D
2.4,3.4,2.9,60.57272727272727,64.82727272727273,D
2.05,3.5,3.6,65.0,61.36363636363637,L
2.5,3.3,2.88,72.38181818181819,60.68181818181818,W
2.4,3.3,3.0,69.18181818181819,68.27272727272727,L
5.0,3.75,1.7,66.99090909090908,66.42727272727272,D
2.75,3.5,2.5,62.7,70.50909090909092,L
1.36,5.0,8.5,61.45454545454545,61.63636363636363,W
1.4,5.0,7.5,70.54545454545455,67.47272727272728,W
1.53,4.33,6.0,69.54545454545455,59.18181818181818,W
2.9,3.5,2.4,61.709090909090904,60.45454545454545,W
1.4,5.0,7.5,67.45454545454545,64.44545454545454,L
1.36,5.25,8.0,66.23636363636363,66.45454545454545,D
2.25,3.5,3.1,65.27272727272727,63.81818181818182,W
1.25,6.0,10.0,69.0,62.7,W
1.57,4.33,5.0,64.0909090909091,69.54545454545455,L
1.91,3.6,3.8,60.50909090909091,67.0,W
2.9,3.5,2.3,64.39090909090909,63.49090909090909,W
1.95,3.5,3.75,64.54545454545455,63.09090909090909,D
2.05,3.4,3.6,61.18181818181818,60.0,W
2.0,3.5,3.6,63.72727272727273,70.81818181818181,D
1.95,3.5,3.75,64.60909090909091,64.89999999999999,D
3.1,3.4,2.25,57.09090909090909,59.72727272727273,D
4.5,3.75,1.73,65.72727272727273,65.72727272727273,L
6.0,4.75,1.44,60.87272727272727,66.72727272727273,D
1.44,4.5,6.5,69.54545454545455,64.49090909090908,W
1.57,4.33,5.0,61.790909090909096,61.90909090909091,D
3.2,3.5,2.15,63.0,60.20909090909092,D
2.0,3.5,3.6,64.86363636363636,63.45454545454545,L
1.67,3.8,5.0,70.81818181818181,56.45454545454545,L
2.2,3.3,3.3,58.72727272727273,65.65454545454546,D
2.88,3.4,2.38,59.45454545454545,63.790909090909096,D
1.3,5.5,9.0,67.0,64.54545454545455,D
1.17,7.5,15.0,69.0,64.10909090909091,W
1.25,6.0,10.0,69.0,59.45454545454545,W
2.4,3.4,2.8,63.42727272727273,60.95454545454545,W
2.4,3.5,2.75,61.03636363636363,62.51818181818182,D
2.25,3.3,3.2,61.45454545454545,57.90909090909091,L
2.9,3.2,2.45,55.27272727272727,63.0,D
2.2,3.4,3.2,63.31818181818182,62.06363636363637,W
2.25,3.3,3.2,59.27272727272727,64.36363636363636,L
2.5,3.3,2.8,61.0,62.63636363636363,D
1.73,3.8,4.5,64.32727272727273,61.90909090909091,D
5.0,4.33,1.57,58.90909090909091,65.81818181818181,W
1.91,3.6,3.8,64.36363636363636,64.54545454545455,W
2.5,3.4,2.7,63.36363636363637,61.300000000000004,L
10.0,6.0,1.25,62.50909090909091,68.45454545454545,D
2.8,3.25,2.5,56.09090909090909,64.0909090909091,W
2.8,3.5,2.4,64.54545454545455,65.72727272727273,W
2.75,3.3,2.5,62.72727272727273,63.06363636363637,D
1.11,9.0,21.0,69.63636363636364,54.90909090909091,W
1.62,4.0,5.25,60.64545454545455,62.0,D
2.8,3.4,2.4,62.72727272727273,62.88181818181818,L
2.38,3.3,2.9,60.54545454545455,58.36363636363637,D
1.36,5.0,7.5,65.27272727272727,63.54545454545455,D
1.57,4.2,5.25,67.0,64.36363636363636,W
1.65,4.0,4.75,62.88181818181818,62.51818181818182,W
2.15,3.4,3.25,65.72727272727273,62.90909090909091,W
3.0,3.5,2.25,67.0909090909091,63.972727272727276,W
2.4,3.4,2.8,57.63636363636363,61.300000000000004,D
3.4,3.6,2.05,64.50909090909092,63.54545454545455,W
1.5,4.33,6.0,62.88181818181818,61.18181818181818,W
4.2,3.75,1.8,59.36363636363637,67.45454545454545,D
1.95,3.5,3.6,63.36363636363637,64.60000000000001,W
7.5,5.0,1.36,63.45454545454545,71.63636363636364,L
3.3,3.5,2.1,56.0,63.88181818181818,L
2.05,3.5,3.4,64.27272727272727,67.0909090909091,W
2.05,3.5,3.4,63.32727272727273,60.45454545454545,L
2.25,3.4,3.1,64.18181818181819,64.36363636363636,W
1.13,8.5,17.0,70.9090909090909,63.45454545454545,W
1.33,5.25,8.0,65.45454545454545,63.790909090909096,L
1.33,5.25,8.0,66.45454545454545,55.81818181818182,D
2.3,3.6,2.88,61.372727272727275,64.7,W
2.38,3.4,2.88,63.45454545454545,59.627272727272725,D
2.3,3.2,3.2,61.45454545454545,62.72727272727273,W
1.7,3.8,4.75,62.45454545454545,65.0,W
1.85,3.6,4.0,62.972727272727276,59.0,D
1.1,11.0,17.0,71.36363636363636,64.9090909090909,W
1.67,3.8,5.0,65.65454545454546,64.18181818181819,W
2.3,3.4,3.0,58.0,64.18181818181819,W
3.1,3.4,2.25,66.36363636363636,64.33636363636364,L
3.5,3.5,2.0,61.51818181818182,62.24545454545455,L
3.4,3.5,2.05,63.3,67.45454545454545,D
5.0,4.0,1.62,62.45454545454545,64.36363636363636,W
2.4,3.4,2.8,64.60000000000001,61.300000000000004,D
2.5,3.4,2.7,55.45454545454545,61.90909090909091,W
2.55,3.4,2.63,63.63636363636363,62.45454545454545,L
1.22,6.5,11.0,63.45454545454545,66.0909090909091,L
1.67,4.1,4.5,65.72727272727273,65.04545454545455,W
1.83,3.6,4.2,65.27272727272727,60.25454545454545,W
1.62,4.33,4.75,61.372727272727275,55.45454545454545,W
2.2,3.4,3.2,64.18181818181819,65.7,W
2.25,3.4,3.0,62.72727272727273,63.24545454545455,L
1.67,3.8,5.0,65.33636363636364,59.14545454545455,W
8.0,4.75,1.36,63.51818181818182,69.54545454545455,D
1.91,3.6,3.8,64.02727272727272,64.27272727272727,W
1.44,4.5,6.5,70.18181818181819,66.0,W
1.73,4.0,4.33,58.0,64.32727272727273,L
2.25,3.4,3.1,64.81818181818181,63.0,W
3.3,3.5,2.1,62.7,64.15454545454546,L
3.4,3.5,2.05,66.41818181818182,66.0,W
1.95,3.5,3.75,64.15454545454546,61.300000000000004,W
1.91,3.6,3.8,63.63636363636363,60.50909090909091,L
2.5,3.5,2.63,56.81818181818182,65.44545454545454,W
2.05,3.4,3.5,65.45454545454545,65.45454545454545,L
1.5,4.33,6.0,66.36363636363636,58.0,D
1.73,3.8,4.5,66.36363636363636,56.72727272727273,W
1.8,3.8,4.0,62.1,62.18181818181818,L
2.63,3.3,2.63,64.18181818181819,63.24545454545455,W
13.0,7.0,1.18,60.36363636363637,72.0909090909091,L
2.63,3.5,2.5,60.872727272727275,62.872727272727275,W
1.57,4.33,5.0,66.54545454545455,64.15454545454546,W
1.57,4.2,5.25,64.7,66.42727272727274,W
1.14,8.0,15.0,71.72727272727273,59.75454545454546,W
3.0,3.4,2.3,64.88181818181819,62.06363636363637,W
1.36,5.0,7.5,62.7,60.09090909090909,L
2.15,3.3,3.4,58.36363636363637,59.9,D
3.8,3.6,1.91,64.54545454545455,68.72727272727273,L
2.1,3.3,3.5,63.09090909090909,61.45454545454545,L
7.0,4.75,1.4,58.18181818181818,65.81818181818181,D
2.38,3.5,2.8,61.68181818181818,65.9090909090909,L
1.91,3.6,3.75,64.60000000000001,60.0,W
2.25,3.4,3.1,60.32727272727273,60.60909090909092,L
1.95,3.7,3.75,63.57272727272727,58.27272727272727,W
1.5,4.33,6.5,68.54545454545455,63.36363636363637,W
2.0,3.5,3.75,67.72727272727273,63.88181818181818,W
1.7,4.0,4.75,61.809090909090905,64.63636363636364,W
15.0,7.5,1.18,61.45454545454545,72.27272727272727,L
2.2,3.5,3.25,59.0,59.18181818181818,W
1.91,3.75,3.8,65.97272727272728,63.154545454545456,W
5.0,4.33,1.62,60.09090909090909,67.27272727272727,W
1.5,4.6,6.0,63.54545454545455,61.51818181818182,W
1.25,6.0,12.0,71.72727272727273,68.0909090909091,W
1.67,3.8,5.25,61.51818181818182,62.36363636363637,W
3.8,3.6,1.95,64.63636363636364,62.972727272727276,L
2.25,3.4,3.25,60.7,65.13636363636364,L
2.88,3.2,2.55,61.90909090909091,65.63636363636364,L
2.38,3.3,3.1,57.18181818181818,61.08181818181818,D
2.05,3.6,3.5,60.09090909090909,62.90909090909091,W
2.1,3.4,3.6,61.14545454545455,59.90909090909091,W
1.85,3.9,4.0,62.32727272727273,62.09090909090909,W
1.8,3.7,4.5,64.81818181818181,62.27272727272727,L
2.38,3.4,3.0,60.36363636363637,61.54545454545455,D
9.5,5.75,1.3,66.36363636363636,72.54545454545455,L
5.5,4.0,1.62,62.39090909090908,63.09090909090909,W
2.45,3.4,2.88,62.63636363636363,64.63636363636364,D
2.4,3.3,3.0,60.50909090909091,63.60909090909092,D
1.67,4.0,5.0,68.0909090909091,61.63636363636363,D
1.36,5.25,8.0,64.63636363636364,56.36363636363637,D
1.08,11.0,29.0,72.0,59.809090909090905,W
2.3,3.3,3.1,63.63636363636363,66.81818181818181,W
2.1,3.4,3.6,63.6,62.51818181818182,L
2.25,3.4,3.2,62.90909090909091,59.18181818181818,D
1.85,3.75,4.2,60.27272727272727,62.63636363636363,D
1.44,4.75,7.0,62.27272727272727,62.81818181818182,W
3.25,3.75,2.1,60.23636363636364,67.9090909090909,L
2.05,3.5,3.6,62.09090909090909,62.58181818181818,D
2.75,3.5,2.5,59.54545454545455,63.22727272727273,L
15.0,7.0,1.2,60.48181818181818,71.63636363636364,L
1.8,3.6,4.5,66.26363636363637,60.154545454545456,D
1.44,4.75,7.0,68.9090909090909,63.72727272727273,D
1.5,4.2,7.0,63.36363636363637,64.45454545454545,W
2.5,3.4,2.8,68.36363636363636,61.90909090909091,W
6.5,4.33,1.5,61.72727272727273,60.63636363636363,W
1.85,3.8,4.0,62.06363636363637,56.63636363636363,D
2.5,3.4,2.8,62.57272727272727,63.06363636363637,L
2.45,3.4,2.88,61.0,63.63636363636363,D
6.5,4.33,1.5,63.09090909090909,69.45454545454545,W
1.95,3.5,4.0,63.627272727272725,63.45454545454545,W
2.5,3.4,2.8,67.63636363636364,61.72727272727273,D
2.05,3.5,3.6,60.18181818181818,58.90909090909091,W
2.63,3.5,2.63,60.96363636363637,59.36363636363637,W
3.0,3.4,2.38,61.154545454545456,63.27272727272727,L
2.2,3.3,3.4,64.02727272727273,62.09090909090909,L
2.4,3.4,2.9,67.36363636363636,62.7,W
2.38,3.4,3.0,61.0,60.4,W
1.13,9.0,19.0,69.45454545454545,62.7,D
1.53,4.33,6.0,63.27272727272727,61.53636363636363,W
2.25,3.4,3.25,65.27272727272727,59.54545454545455,D
3.8,4.0,1.85,59.09090909090909,63.09090909090909,D
1.44,4.5,7.5,60.81818181818182,66.9090909090909,L
1.67,4.2,4.75,62.50909090909091,62.27272727272727,L
5.5,3.75,1.67,62.90909090909091,66.72727272727273,L
2.25,3.4,3.2,62.09090909090909,60.24545454545455,D
2.5,3.3,2.88,56.90909090909091,65.03636363636365,L
2.6,3.3,2.75,65.35454545454546,62.51818181818182,W
1.57,4.33,5.5,63.81818181818182,62.218181818181826,W
1.91,3.6,4.0,60.18181818181818,60.45454545454545,L
5.5,4.0,1.62,62.23636363636364,62.72727272727273,L
13.0,7.0,1.2,62.27272727272727,70.0909090909091,L
2.3,3.3,3.2,66.48181818181818,65.27272727272727,W
1.95,3.5,4.0,63.36363636363637,57.0,D
1.91,3.8,3.8,66.72727272727273,59.54545454545455,D
4.2,3.75,1.85,61.54545454545455,68.0,W
1.33,5.25,9.5,63.18181818181818,60.08181818181818,W
1.09,11.0,26.0,69.54545454545455,66.12727272727274,W
2.3,3.5,3.0,67.63636363636364,63.81818181818182,L
1.73,3.6,5.25,61.790909090909096,62.27272727272727,W
1.95,3.7,3.8,60.08181818181818,61.42727272727273,W
2.6,3.4,2.7,62.81818181818182,67.63636363636364,W
2.3,3.6,3.0,59.81818181818182,65.33636363636364,W
1.85,3.6,4.33,65.36363636363636,60.27272727272727,L
2.15,3.4,3.5,63.36363636363637,62.25454545454545,L
6.0,4.0,1.57,61.42727272727273,63.18181818181818,L
2.05,3.5,3.6,62.53636363636363,62.81818181818182,D
2.4,3.5,2.9,59.81818181818182,60.63636363636363,W
3.1,3.4,2.3,64.72727272727273,66.63636363636364,D
3.1,3.5,2.25,62.24545454545455,60.51818181818182,D
2.3,3.2,3.3,62.27272727272727,62.90909090909091,D
17.0,7.5,1.17,59.63636363636363,71.9090909090909,L
1.33,5.25,9.0,62.63636363636363,62.63636363636363,W
3.1,3.4,2.3,60.66363636363637,63.81818181818182,D
1.1,10.0,26.0,71.45454545454545,63.09090909090909,W
1.5,4.33,6.5,64.9090909090909,65.15454545454546,W
1.36,4.75,9.0,69.18181818181819,60.63636363636363,W
2.0,3.6,3.6,60.9,60.18181818181818,W
2.1,3.5,3.4,63.75454545454545,63.809090909090905,D
2.8,3.4,2.5,62.72727272727273,66.45454545454545,W
2.0,3.6,3.6,63.0,60.42727272727273,W
1.57,4.2,5.75,64.06363636363636,57.0,W
3.6,3.75,1.91,63.45454545454545,65.18181818181819,L
2.1,3.3,3.6,62.45454545454545,63.54545454545455,D
2.25,3.4,3.2,64.17272727272727,61.61818181818182,W
2.6,3.3,2.75,59.72727272727273,62.60909090909092,D
3.5,3.5,2.1,65.9090909090909,63.72727272727273,W
13.0,6.5,1.22,64.45454545454545,70.18181818181819,L
2.6,3.4,2.7,59.81818181818182,64.36363636363636,L
6.0,4.33,1.53,62.57272727272728,63.72727272727273,D
2.4,3.3,3.0,61.90909090909091,59.45454545454545,W
5.0,3.8,1.7,58.45454545454545,67.18181818181819,L
1.44,4.33,7.5,67.45454545454545,63.90909090909091,W
1.33,5.0,10.0,65.27272727272727,61.45454545454545,D
1.95,3.5,4.0,65.9090909090909,60.09090909090909,L
1.75,3.75,4.75,61.627272727272725,63.94545454545455,W
2.75,3.25,2.63,62.54545454545455,64.7,D
10.0,5.75,1.29,63.09090909090909,68.0,L
1.73,3.8,4.75,59.90909090909091,60.18181818181818,W
1.33,5.25,9.0,61.27272727272727,61.53636363636363,W
1.75,3.75,4.75,62.972727272727276,65.63636363636364,W
2.38,3.25,3.1,68.33636363636364,62.54545454545455,L
3.0,3.5,2.3,64.36363636363636,69.63636363636364,L
5.0,4.2,1.62,66.27272727272727,63.71818181818182,L
3.0,3.4,2.38,60.09090909090909,64.0,W
2.5,3.4,2.8,61.59090909090909,59.90909090909091,W
2.2,3.4,3.3,61.90909090909091,63.45454545454545,D
3.75,3.5,2.0,57.54545454545455,61.027272727272724,D
1.17,7.5,17.0,71.81818181818181,63.60909090909092,L
3.25,3.6,2.15,60.0,65.0909090909091,D
3.3,3.5,2.15,60.5,71.54545454545455,L
1.36,5.0,8.5,67.81818181818181,64.7,W
1.44,4.75,7.0,62.63636363636363,61.809090909090905,W
2.7,3.5,2.6,58.690909090909095,61.972727272727276,L
2.5,3.4,2.8,61.36363636363637,60.0,D
2.0,3.75,3.5,59.45454545454545,65.88181818181819,D
2.6,3.2,2.8,61.27272727272727,61.90909090909091,W
2.4,3.3,3.0,63.90909090909091,65.21818181818182,D
1.95,3.5,4.0,63.36363636363637,57.54545454545455,W
1.95,3.3,4.2,66.06363636363636,62.90909090909091,D
1.17,7.5,17.0,72.0,59.09090909090909,W
1.67,3.75,5.5,64.31818181818181,60.36363636363637,D
2.8,3.4,2.5,62.7,66.80909090909091,W
3.3,3.4,2.2,59.72727272727273,68.0,L
4.33,3.75,1.8,68.97272727272728,64.0,L
3.1,3.4,2.3,60.45454545454545,62.54545454545455,W
2.15,3.5,3.3,62.13636363636363,63.09090909090909,W
2.4,3.3,3.0,62.09090909090909,60.33636363636364,W
4.2,3.75,1.85,59.81818181818182,61.88181818181818,D
1.22,6.5,13.0,65.31818181818181,60.45454545454545,W
1.36,5.25,8.0,66.72727272727273,64.85454545454546,W
2.2,3.4,3.3,63.36363636363637,62.18181818181818,W
5.5,4.2,1.6,60.9,65.54545454545455,L
2.5,3.1,3.1,62.36363636363637,63.0,D
2.8,3.3,2.6,59.81818181818182,59.81818181818182,L
1.7,3.8,5.0,62.09090909090909,63.21818181818182,D
2.0,3.5,3.8,63.81818181818182,68.7909090909091,W
2.45,3.3,2.9,58.45454545454545,63.67272727272727,W
1.17,7.5,17.0,67.27272727272727,63.09090909090909,W
1.33,5.25,9.0,63.22727272727273,61.27272727272727,W
2.4,3.5,2.88,62.74545454545455,61.27272727272727,L
1.91,3.6,4.0,61.86363636363637,59.26363636363636,D
2.7,3.4,2.6,68.88181818181819,65.0,W
4.75,3.8,1.75,63.09090909090909,67.9090909090909,D
2.4,3.5,2.88,61.7,62.09090909090909,W
2.7,3.4,2.6,58.18181818181818,63.36363636363637,D
1.91,3.6,4.0,63.68181818181818,62.99090909090909,W
2.38,3.3,3.1,68.36363636363636,71.0909090909091,W
1.4,4.75,8.0,62.72727272727273,64.83636363636364,D
2.1,3.4,3.6,65.0,63.09090909090909,D
4.0,4.0,1.83,61.9,63.99090909090909,D
2.05,3.75,3.4,61.45454545454545,59.72727272727273,W
1.91,3.6,4.0,61.09090909090909,58.72727272727273,L
1.73,3.8,4.75,58.39090909090908,67.60909090909091,L
5.0,3.6,1.75,63.36363636363637,61.872727272727275,L
2.2,3.4,3.3,68.06363636363636,60.72727272727273,D
1.53,4.33,6.0,70.54545454545455,65.36363636363636,L
1.29,5.5,11.0,63.45454545454545,62.36363636363637,W
2.5,3.4,2.8,61.77272727272727,68.45454545454545,W
2.0,3.6,3.6,64.81818181818181,60.72727272727273,D
2.8,3.6,2.4,58.09090909090909,61.53636363636363,W
2.0,3.5,3.8,62.31818181818182,62.0,W
2.75,3.3,2.6,62.63636363636363,62.40909090909091,W
4.75,4.2,1.67,56.18181818181818,60.81818181818182,L
1.62,4.2,5.25,63.68181818181818,56.45454545454545,W
1.4,5.0,7.5,68.36363636363636,60.4909090909091,W
2.63,3.5,2.6,62.72727272727273,63.90909090909091,W
2.1,3.4,3.6,63.18181818181818,60.45454545454545,W
2.3,3.4,3.1,64.9090909090909,65.12727272727273,L
2.0,3.5,3.75,62.36363636363637,58.81818181818182,D
4.33,4.0,1.75,61.72727272727273,61.99090909090909,L
7.0,4.2,1.5,60.72727272727273,68.45454545454545,W
1.75,3.8,4.75,62.31818181818182,70.24545454545455,W
1.2,7.0,13.0,71.81818181818181,60.63636363636363,W
1.29,5.75,10.0,65.0909090909091,60.72727272727273,W
1.55,4.5,5.5,62.06363636363637,64.72727272727273,L
1.91,3.75,3.9,61.08181818181818,63.63636363636363,W
1.95,3.6,3.8,64.3,60.72727272727273,W
4.5,4.33,1.67,58.81818181818182,65.36363636363636,W
2.4,3.6,2.8,66.7,63.33636363636364,W
3.8,3.8,1.91,64.9090909090909,61.90909090909091,D
3.4,3.8,2.05,59.0,62.35454545454545,L
